Brain name,Time to update policy,Time since start of training,Time for last experience collection,Number of experiences used for training,Mean return
RobotBattleLearningBrain,4.638,22.699,13.913,32366,0.165
RobotBattleLearningBrain,4.492,37.501,9.563,32620,0.139
RobotBattleLearningBrain,4.426,51.648,9.035,32432,0.141
RobotBattleLearningBrain,4.459,66.123,9.313,32492,0.131
RobotBattleLearningBrain,4.462,80.242,8.984,32524,0.133
RobotBattleLearningBrain,4.528,94.427,8.982,32490,0.132
RobotBattleLearningBrain,4.502,108.723,9.097,32430,0.127
RobotBattleLearningBrain,4.496,122.941,9.041,32522,0.126
RobotBattleLearningBrain,4.494,137.119,9.001,32522,0.125
RobotBattleLearningBrain,4.536,151.258,8.926,32488,0.129
RobotBattleLearningBrain,4.424,165.609,9.215,32394,0.131
RobotBattleLearningBrain,4.461,179.835,9.074,32528,0.133
RobotBattleLearningBrain,5.601,196.225,10.036,32490,0.136
RobotBattleLearningBrain,7.253,218.809,14.197,32524,0.141
RobotBattleLearningBrain,5.660,236.571,11.177,32526,0.144
RobotBattleLearningBrain,4.653,251.208,9.271,32396,0.143
RobotBattleLearningBrain,4.453,266.727,10.280,32618,0.144
RobotBattleLearningBrain,4.910,282.307,9.968,32432,0.147
RobotBattleLearningBrain,6.102,303.205,13.618,32492,0.150
RobotBattleLearningBrain,5.222,320.043,10.802,32488,0.152
RobotBattleLearningBrain,5.143,337.794,11.631,32476,0.152
RobotBattleLearningBrain,4.496,353.394,10.308,32484,0.159
RobotBattleLearningBrain,4.643,367.747,9.011,32512,0.160
RobotBattleLearningBrain,4.608,382.796,9.645,32542,0.165
RobotBattleLearningBrain,4.768,397.939,9.636,32512,0.165
RobotBattleLearningBrain,4.786,413.212,9.712,32456,0.166
RobotBattleLearningBrain,5.375,429.091,9.741,32432,0.166
RobotBattleLearningBrain,4.703,443.944,9.417,32504,0.165
RobotBattleLearningBrain,5.809,461.111,10.574,32562,0.165
RobotBattleLearningBrain,6.949,487.418,17.638,32486,0.162
RobotBattleLearningBrain,4.628,504.385,11.467,32490,0.160
RobotBattleLearningBrain,5.646,521.781,10.870,32430,0.160
RobotBattleLearningBrain,5.003,539.823,12.054,32526,0.159
RobotBattleLearningBrain,4.856,555.213,9.739,32490,0.158
RobotBattleLearningBrain,4.980,570.584,9.603,32522,0.158
RobotBattleLearningBrain,5.066,586.779,10.294,32452,0.156
RobotBattleLearningBrain,6.057,604.713,11.006,32472,0.158
RobotBattleLearningBrain,5.281,623.260,12.305,32524,0.157
RobotBattleLearningBrain,5.303,638.908,9.592,32454,0.156
RobotBattleLearningBrain,7.182,657.040,10.140,32562,0.156
RobotBattleLearningBrain,4.586,675.796,13.063,32494,0.157
RobotBattleLearningBrain,4.574,690.663,9.580,32492,0.157
RobotBattleLearningBrain,4.559,705.268,9.334,32464,0.155
RobotBattleLearningBrain,5.014,722.041,10.873,32492,0.155
RobotBattleLearningBrain,6.399,741.891,12.422,32524,0.154
RobotBattleLearningBrain,5.689,759.057,10.648,32394,0.154
RobotBattleLearningBrain,5.101,774.448,9.545,32528,0.153
RobotBattleLearningBrain,4.863,791.839,11.574,32494,0.152
RobotBattleLearningBrain,4.710,807.530,10.211,32522,0.152
RobotBattleLearningBrain,4.478,823.948,11.116,32540,0.152
RobotBattleLearningBrain,4.786,838.918,9.462,32472,0.152
RobotBattleLearningBrain,4.749,853.951,9.551,32524,0.152
RobotBattleLearningBrain,4.520,868.454,9.276,32428,0.151
RobotBattleLearningBrain,4.654,883.750,9.829,32556,0.152
RobotBattleLearningBrain,4.512,898.360,9.382,32436,0.151
RobotBattleLearningBrain,4.713,912.905,9.144,32430,0.152
RobotBattleLearningBrain,4.489,927.294,9.210,32550,0.152
RobotBattleLearningBrain,5.182,942.860,9.643,32462,0.151
RobotBattleLearningBrain,4.463,957.393,9.358,32586,0.152
RobotBattleLearningBrain,4.496,971.665,9.083,32470,0.153
RobotBattleLearningBrain,4.471,986.387,9.562,32396,0.153
RobotBattleLearningBrain,4.644,1000.915,9.175,32528,0.154
RobotBattleLearningBrain,4.850,1015.518,9.068,32588,0.155
RobotBattleLearningBrain,5.129,1031.559,10.148,32470,0.157
RobotBattleLearningBrain,4.444,1046.000,9.292,32478,0.157
RobotBattleLearningBrain,4.513,1061.145,9.881,32508,0.158
RobotBattleLearningBrain,4.533,1075.767,9.361,32434,0.158
RobotBattleLearningBrain,5.719,1093.234,10.883,32548,0.158
RobotBattleLearningBrain,5.823,1113.725,13.582,32492,0.159
RobotBattleLearningBrain,5.031,1128.960,9.496,32436,0.162
RobotBattleLearningBrain,4.498,1143.784,9.585,32472,0.165
RobotBattleLearningBrain,4.606,1159.410,10.224,32624,0.167
RobotBattleLearningBrain,4.535,1174.646,9.940,32400,0.168
RobotBattleLearningBrain,5.313,1189.904,9.250,32586,0.169
RobotBattleLearningBrain,4.570,1205.732,10.400,32382,0.170
RobotBattleLearningBrain,5.272,1220.994,9.293,32562,0.170
RobotBattleLearningBrain,4.993,1238.181,10.531,32450,0.170
RobotBattleLearningBrain,5.748,1255.523,10.800,32490,0.171
RobotBattleLearningBrain,4.734,1271.318,10.244,32572,0.170
RobotBattleLearningBrain,4.518,1285.764,9.224,32480,0.171
RobotBattleLearningBrain,4.862,1301.162,9.787,32416,0.171
RobotBattleLearningBrain,4.480,1315.482,9.164,32496,0.171
RobotBattleLearningBrain,4.628,1330.913,10.041,32542,0.172
RobotBattleLearningBrain,4.451,1345.643,9.543,32454,0.172
RobotBattleLearningBrain,4.524,1359.944,9.086,32528,0.173
RobotBattleLearningBrain,4.552,1374.226,9.049,32548,0.172
RobotBattleLearningBrain,4.938,1389.630,9.698,32470,0.174
RobotBattleLearningBrain,4.600,1404.096,9.171,32430,0.174
RobotBattleLearningBrain,4.820,1419.040,9.397,32530,0.174
RobotBattleLearningBrain,5.068,1434.561,9.705,32488,0.174
RobotBattleLearningBrain,4.751,1449.465,9.423,32484,0.174
RobotBattleLearningBrain,4.655,1465.276,10.338,32474,0.174
RobotBattleLearningBrain,4.763,1480.432,9.634,32570,0.173
RobotBattleLearningBrain,4.790,1495.575,9.611,32382,0.172
RobotBattleLearningBrain,4.496,1510.104,9.322,32550,0.173
RobotBattleLearningBrain,4.539,1524.630,9.278,32526,0.173
RobotBattleLearningBrain,4.600,1539.363,9.400,32430,0.174
RobotBattleLearningBrain,5.160,1554.401,9.190,32524,0.173
RobotBattleLearningBrain,5.434,1571.424,10.782,32524,0.173
RobotBattleLearningBrain,5.035,1589.865,12.401,32488,0.173
RobotBattleLearningBrain,6.491,1609.225,11.933,32496,0.172
RobotBattleLearningBrain,6.019,1628.175,11.931,32432,0.172
RobotBattleLearningBrain,5.801,1648.196,13.095,32488,0.171
RobotBattleLearningBrain,6.135,1665.470,10.334,32500,0.171
RobotBattleLearningBrain,5.893,1686.449,13.935,32490,0.171
RobotBattleLearningBrain,5.741,1705.160,11.996,32566,0.171
RobotBattleLearningBrain,5.021,1722.205,11.166,32472,0.171
RobotBattleLearningBrain,4.619,1736.866,9.393,32536,0.171
RobotBattleLearningBrain,4.847,1752.212,9.830,32450,0.171
RobotBattleLearningBrain,4.596,1767.862,10.217,32524,0.171
RobotBattleLearningBrain,4.937,1783.581,10.009,32492,0.171
RobotBattleLearningBrain,4.558,1802.918,13.641,32452,0.170
RobotBattleLearningBrain,5.115,1821.129,12.134,32464,0.170
RobotBattleLearningBrain,4.975,1837.951,10.996,32512,0.169
RobotBattleLearningBrain,4.610,1852.834,9.530,32508,0.169
RobotBattleLearningBrain,4.761,1868.237,9.915,32490,0.169
RobotBattleLearningBrain,4.950,1883.380,9.458,32538,0.169
RobotBattleLearningBrain,4.930,1899.581,10.457,32406,0.169
RobotBattleLearningBrain,5.070,1918.460,13.009,32582,0.169
RobotBattleLearningBrain,4.652,1934.329,10.400,32512,0.170
RobotBattleLearningBrain,5.281,1950.768,10.362,32458,0.169
RobotBattleLearningBrain,5.655,1969.478,12.108,32544,0.169
RobotBattleLearningBrain,5.956,1986.747,10.495,32418,0.169
RobotBattleLearningBrain,6.021,2005.453,11.726,32552,0.170
RobotBattleLearningBrain,7.856,2024.627,10.490,32436,0.171
RobotBattleLearningBrain,5.365,2044.614,13.499,32452,0.171
RobotBattleLearningBrain,5.949,2062.193,10.821,32618,0.171
RobotBattleLearningBrain,6.067,2079.252,10.214,32436,0.171
RobotBattleLearningBrain,5.122,2096.216,10.968,32490,0.171
RobotBattleLearningBrain,5.177,2113.125,10.875,32452,0.172
RobotBattleLearningBrain,5.086,2131.075,11.858,32564,0.172
RobotBattleLearningBrain,5.379,2147.221,9.991,32432,0.172
RobotBattleLearningBrain,6.045,2165.345,11.229,32488,0.171
RobotBattleLearningBrain,6.327,2183.990,11.366,32528,0.171
RobotBattleLearningBrain,5.184,2201.454,11.384,32526,0.172
RobotBattleLearningBrain,5.168,2218.492,11.030,32392,0.172
RobotBattleLearningBrain,5.307,2236.447,11.764,32510,0.172
RobotBattleLearningBrain,5.137,2252.368,10.008,32504,0.172
RobotBattleLearningBrain,5.551,2268.966,10.350,32568,0.173
RobotBattleLearningBrain,6.530,2287.990,11.587,32512,0.172
RobotBattleLearningBrain,5.168,2305.433,11.353,32434,0.173
RobotBattleLearningBrain,5.849,2323.136,11.005,32556,0.172
RobotBattleLearningBrain,6.119,2342.028,11.841,32500,0.172
RobotBattleLearningBrain,5.159,2357.998,10.035,32456,0.173
RobotBattleLearningBrain,9.282,2378.060,10.009,32510,0.174
RobotBattleLearningBrain,8.259,2402.096,14.666,32396,0.174
RobotBattleLearningBrain,6.242,2421.817,12.494,32522,0.173
RobotBattleLearningBrain,5.982,2439.121,10.499,32524,0.173
RobotBattleLearningBrain,4.988,2455.386,10.444,32526,0.172
RobotBattleLearningBrain,5.350,2471.363,9.860,32500,0.172
RobotBattleLearningBrain,5.000,2487.266,10.111,32492,0.173
RobotBattleLearningBrain,5.056,2502.994,9.907,32500,0.173
RobotBattleLearningBrain,5.002,2518.705,9.933,32510,0.173
RobotBattleLearningBrain,5.027,2534.758,9.923,32484,0.173
RobotBattleLearningBrain,5.527,2551.008,9.944,32490,0.172
RobotBattleLearningBrain,5.652,2569.555,11.979,32408,0.172
RobotBattleLearningBrain,6.106,2587.313,10.784,32608,0.172
RobotBattleLearningBrain,5.610,2605.583,11.757,32430,0.171
RobotBattleLearningBrain,5.583,2623.805,11.720,32524,0.171
RobotBattleLearningBrain,7.249,2646.467,14.194,32488,0.170
RobotBattleLearningBrain,5.176,2663.695,11.155,32452,0.169
RobotBattleLearningBrain,5.782,2683.355,12.843,32468,0.169
RobotBattleLearningBrain,5.836,2702.528,12.373,32560,0.169
RobotBattleLearningBrain,5.362,2719.128,10.422,32450,0.168
RobotBattleLearningBrain,5.633,2735.961,10.374,32510,0.167
RobotBattleLearningBrain,5.404,2754.531,12.246,32464,0.167
RobotBattleLearningBrain,5.717,2771.452,10.392,32468,0.167
RobotBattleLearningBrain,5.746,2789.007,10.972,32524,0.166
RobotBattleLearningBrain,5.221,2806.801,11.659,32520,0.165
RobotBattleLearningBrain,5.196,2823.041,10.225,32454,0.164
RobotBattleLearningBrain,5.224,2839.411,10.343,32524,0.164
RobotBattleLearningBrain,5.303,2855.839,10.321,32508,0.163
RobotBattleLearningBrain,5.447,2873.675,11.408,32408,0.162
RobotBattleLearningBrain,6.368,2891.732,10.838,32522,0.161
RobotBattleLearningBrain,5.972,2909.805,11.209,32522,0.160
RobotBattleLearningBrain,5.586,2927.903,11.555,32396,0.159
RobotBattleLearningBrain,5.587,2947.123,12.670,32582,0.158
RobotBattleLearningBrain,6.289,2966.285,11.861,32466,0.158
RobotBattleLearningBrain,6.518,2987.295,13.464,32518,0.158
RobotBattleLearningBrain,5.576,3005.978,12.101,32418,0.157
RobotBattleLearningBrain,6.034,3025.038,12.104,32540,0.156
RobotBattleLearningBrain,5.476,3041.914,10.583,32490,0.156
RobotBattleLearningBrain,5.657,3062.653,14.020,32472,0.155
RobotBattleLearningBrain,5.143,3080.640,11.927,32524,0.154
RobotBattleLearningBrain,5.874,3098.273,10.882,32488,0.154
RobotBattleLearningBrain,5.478,3115.045,10.497,32392,0.154
RobotBattleLearningBrain,5.596,3132.110,10.636,32580,0.153
RobotBattleLearningBrain,6.582,3151.188,11.585,32462,0.152
RobotBattleLearningBrain,5.517,3169.630,11.894,32526,0.152
RobotBattleLearningBrain,5.419,3187.406,11.446,32490,0.152
RobotBattleLearningBrain,6.116,3206.910,12.463,32392,0.152
RobotBattleLearningBrain,4.963,3223.549,10.799,32616,0.152
RobotBattleLearningBrain,5.000,3239.986,10.618,32392,0.151
RobotBattleLearningBrain,6.869,3258.253,10.567,32520,0.151
RobotBattleLearningBrain,8.446,3279.634,11.981,32490,0.151
RobotBattleLearningBrain,5.406,3296.563,10.679,32432,0.151
RobotBattleLearningBrain,6.635,3315.232,11.180,32616,0.151
RobotBattleLearningBrain,7.388,3335.926,12.391,32394,0.151
RobotBattleLearningBrain,4.689,3352.657,11.143,32488,0.151
RobotBattleLearningBrain,5.443,3378.438,18.729,32528,0.151
RobotBattleLearningBrain,5.072,3395.213,10.888,32426,0.151
RobotBattleLearningBrain,5.013,3411.189,10.169,32614,0.151
RobotBattleLearningBrain,5.015,3426.833,9.858,32394,0.151
RobotBattleLearningBrain,4.998,3442.522,9.923,32562,0.151
RobotBattleLearningBrain,5.015,3459.044,10.692,32452,0.152
RobotBattleLearningBrain,5.888,3476.589,10.743,32522,0.151
RobotBattleLearningBrain,5.042,3496.843,13.953,32424,0.151
RobotBattleLearningBrain,5.009,3512.508,9.890,32520,0.151
RobotBattleLearningBrain,5.034,3528.289,9.973,32492,0.152
RobotBattleLearningBrain,4.934,3543.895,9.903,32520,0.151
RobotBattleLearningBrain,5.895,3561.038,10.481,32392,0.151
RobotBattleLearningBrain,4.988,3576.728,9.917,32526,0.151
RobotBattleLearningBrain,5.008,3592.194,9.697,32578,0.150
RobotBattleLearningBrain,5.215,3608.417,10.234,32464,0.150
RobotBattleLearningBrain,5.799,3625.275,10.238,32450,0.150
RobotBattleLearningBrain,5.411,3641.326,9.892,32448,0.150
RobotBattleLearningBrain,5.954,3660.136,12.013,32542,0.150
RobotBattleLearningBrain,5.197,3678.622,12.308,32448,0.150
RobotBattleLearningBrain,5.075,3694.569,10.108,32522,0.150
RobotBattleLearningBrain,5.120,3710.742,10.274,32486,0.150
RobotBattleLearningBrain,5.158,3726.766,10.100,32522,0.150
RobotBattleLearningBrain,5.056,3743.617,11.023,32428,0.150
RobotBattleLearningBrain,5.067,3759.556,10.105,32484,0.150
RobotBattleLearningBrain,5.248,3775.561,9.978,32528,0.150
RobotBattleLearningBrain,5.138,3791.257,9.796,32516,0.149
RobotBattleLearningBrain,5.100,3807.093,9.959,32394,0.149
RobotBattleLearningBrain,6.134,3824.011,10.008,32616,0.149
RobotBattleLearningBrain,7.360,3850.283,17.424,32428,0.149
RobotBattleLearningBrain,6.074,3868.898,11.636,32452,0.149
RobotBattleLearningBrain,4.938,3891.523,16.261,32558,0.148
RobotBattleLearningBrain,7.703,3911.077,10.758,32466,0.148
RobotBattleLearningBrain,5.416,3929.256,11.882,32452,0.148
RobotBattleLearningBrain,5.578,3945.424,9.893,32490,0.148
RobotBattleLearningBrain,4.593,3960.283,9.579,32558,0.148
RobotBattleLearningBrain,4.622,3974.830,9.247,32506,0.148
RobotBattleLearningBrain,4.552,3989.537,9.450,32374,0.148
RobotBattleLearningBrain,4.573,4004.049,9.259,32524,0.147
RobotBattleLearningBrain,4.646,4018.742,9.350,32518,0.147
RobotBattleLearningBrain,4.561,4033.454,9.460,32490,0.147
RobotBattleLearningBrain,4.566,4049.118,10.390,32490,0.147
RobotBattleLearningBrain,4.584,4063.860,9.455,32424,0.147
RobotBattleLearningBrain,4.694,4079.262,10.007,32528,0.147
RobotBattleLearningBrain,4.524,4093.869,9.390,32520,0.147
RobotBattleLearningBrain,4.459,4108.531,9.503,32526,0.147
RobotBattleLearningBrain,4.498,4123.051,9.342,32452,0.146
RobotBattleLearningBrain,4.507,4137.596,9.347,32524,0.146
RobotBattleLearningBrain,4.476,4152.374,9.608,32522,0.146
RobotBattleLearningBrain,4.456,4167.089,9.550,32390,0.146
RobotBattleLearningBrain,4.640,4181.694,9.281,32524,0.146
RobotBattleLearningBrain,4.496,4196.246,9.369,32522,0.146
RobotBattleLearningBrain,4.584,4210.772,9.261,32396,0.146
RobotBattleLearningBrain,4.496,4225.006,9.058,32580,0.145
RobotBattleLearningBrain,4.541,4239.303,9.076,32462,0.145
RobotBattleLearningBrain,4.534,4253.834,9.279,32522,0.145
RobotBattleLearningBrain,4.514,4268.041,9.013,32452,0.145
RobotBattleLearningBrain,4.537,4282.400,9.140,32526,0.145
RobotBattleLearningBrain,4.541,4296.704,9.080,32430,0.144
RobotBattleLearningBrain,4.512,4310.980,9.077,32520,0.144
RobotBattleLearningBrain,4.573,4325.350,9.121,32526,0.144
RobotBattleLearningBrain,4.592,4339.653,9.027,32452,0.144
RobotBattleLearningBrain,4.483,4353.989,9.160,32432,0.144
RobotBattleLearningBrain,4.552,4368.514,9.247,32524,0.144
RobotBattleLearningBrain,4.563,4382.965,9.191,32524,0.144
RobotBattleLearningBrain,4.598,4397.332,9.091,32454,0.143
RobotBattleLearningBrain,4.535,4411.604,9.057,32564,0.144
RobotBattleLearningBrain,4.564,4426.039,9.181,32488,0.143
RobotBattleLearningBrain,4.527,4441.020,9.773,32524,0.143
RobotBattleLearningBrain,4.557,4455.452,9.176,32432,0.143
RobotBattleLearningBrain,4.596,4469.971,9.228,32456,0.143
RobotBattleLearningBrain,4.537,4484.284,9.089,32494,0.144
RobotBattleLearningBrain,4.528,4498.592,9.104,32470,0.144
RobotBattleLearningBrain,4.559,4512.958,9.127,32530,0.144
RobotBattleLearningBrain,4.518,4527.368,9.189,32566,0.144
RobotBattleLearningBrain,4.538,4541.733,9.128,32446,0.144
RobotBattleLearningBrain,4.614,4555.989,8.967,32526,0.144
RobotBattleLearningBrain,4.505,4570.433,9.239,32490,0.144
RobotBattleLearningBrain,4.505,4584.725,9.100,32490,0.144
RobotBattleLearningBrain,4.521,4600.896,10.980,32432,0.144
RobotBattleLearningBrain,4.564,4615.221,9.071,32558,0.144
RobotBattleLearningBrain,4.560,4629.423,8.965,32454,0.144
RobotBattleLearningBrain,4.494,4644.017,9.389,32522,0.143
RobotBattleLearningBrain,4.611,4658.450,9.131,32522,0.143
RobotBattleLearningBrain,4.557,4673.070,9.359,32434,0.144
RobotBattleLearningBrain,4.604,4687.415,9.060,32450,0.143
RobotBattleLearningBrain,4.450,4701.603,9.045,32556,0.143
RobotBattleLearningBrain,4.524,4715.906,9.093,32394,0.143
RobotBattleLearningBrain,4.532,4730.269,9.144,32618,0.143
RobotBattleLearningBrain,4.590,4744.642,9.093,32454,0.143
RobotBattleLearningBrain,4.436,4758.882,9.104,32504,0.143
RobotBattleLearningBrain,4.515,4773.198,9.099,32454,0.143
RobotBattleLearningBrain,4.532,4787.632,9.206,32526,0.143
RobotBattleLearningBrain,4.556,4801.904,9.039,32522,0.143
RobotBattleLearningBrain,4.560,4816.273,9.108,32432,0.143
RobotBattleLearningBrain,4.511,4830.658,9.171,32524,0.143
RobotBattleLearningBrain,4.572,4845.085,9.146,32452,0.142
RobotBattleLearningBrain,4.572,4859.417,9.077,32524,0.142
RobotBattleLearningBrain,4.503,4873.706,9.102,32402,0.142
RobotBattleLearningBrain,4.519,4887.959,9.052,32512,0.142
RobotBattleLearningBrain,4.530,4902.232,9.067,32526,0.142
RobotBattleLearningBrain,4.530,4916.410,8.974,32522,0.142
RobotBattleLearningBrain,4.543,4931.211,9.572,32396,0.141
RobotBattleLearningBrain,4.467,4945.432,9.073,32524,0.141
RobotBattleLearningBrain,4.570,4959.883,9.188,32522,0.141
RobotBattleLearningBrain,4.760,4975.091,9.769,32522,0.141
RobotBattleLearningBrain,4.611,4990.250,9.819,32488,0.141
RobotBattleLearningBrain,4.495,5004.745,9.283,32394,0.141
RobotBattleLearningBrain,4.603,5019.195,9.151,32524,0.140
RobotBattleLearningBrain,4.548,5033.933,9.264,32524,0.140
RobotBattleLearningBrain,4.482,5048.270,9.150,32524,0.140
RobotBattleLearningBrain,4.520,5062.546,9.062,32452,0.140
RobotBattleLearningBrain,4.483,5076.745,9.039,32430,0.140
RobotBattleLearningBrain,4.475,5091.535,9.626,32618,0.139
RobotBattleLearningBrain,4.491,5105.866,9.137,32394,0.139
RobotBattleLearningBrain,4.557,5120.249,9.138,32526,0.139
RobotBattleLearningBrain,4.522,5134.472,9.017,32522,0.139
RobotBattleLearningBrain,4.511,5148.975,9.265,32492,0.139
RobotBattleLearningBrain,4.574,5163.400,9.149,32522,0.139
RobotBattleLearningBrain,4.521,5177.740,9.126,32426,0.138
RobotBattleLearningBrain,4.515,5192.096,9.137,32524,0.138
RobotBattleLearningBrain,4.495,5206.383,9.091,32454,0.138
RobotBattleLearningBrain,4.557,5220.659,9.040,32526,0.138
RobotBattleLearningBrain,4.539,5234.991,9.098,32424,0.138
RobotBattleLearningBrain,4.524,5249.858,9.632,32486,0.137
RobotBattleLearningBrain,4.616,5264.381,9.189,32526,0.137
RobotBattleLearningBrain,4.482,5278.716,9.138,32524,0.137
RobotBattleLearningBrain,4.545,5292.982,9.038,32454,0.137
RobotBattleLearningBrain,4.562,5307.429,9.185,32562,0.137
RobotBattleLearningBrain,4.754,5322.124,9.236,32396,0.137
RobotBattleLearningBrain,4.588,5336.534,9.130,32526,0.137
RobotBattleLearningBrain,4.487,5350.751,9.038,32524,0.137
RobotBattleLearningBrain,4.538,5365.187,9.188,32396,0.137
RobotBattleLearningBrain,4.538,5379.495,9.082,32526,0.137
RobotBattleLearningBrain,4.523,5393.894,9.170,32522,0.137
RobotBattleLearningBrain,4.542,5409.063,9.931,32524,0.136
RobotBattleLearningBrain,4.494,5423.566,9.281,32454,0.136
RobotBattleLearningBrain,4.563,5437.865,9.056,32486,0.136
RobotBattleLearningBrain,4.607,5452.299,9.114,32562,0.136
RobotBattleLearningBrain,4.463,5466.598,9.130,32392,0.136
RobotBattleLearningBrain,4.486,5480.936,9.171,32524,0.136
RobotBattleLearningBrain,4.496,5495.262,9.123,32522,0.136
RobotBattleLearningBrain,4.527,5509.695,9.206,32396,0.136
RobotBattleLearningBrain,4.524,5523.998,9.096,32522,0.136
RobotBattleLearningBrain,4.512,5538.469,9.240,32522,0.136
RobotBattleLearningBrain,4.707,5553.007,9.137,32524,0.136
RobotBattleLearningBrain,4.482,5567.936,9.729,32454,0.136
RobotBattleLearningBrain,4.467,5582.158,9.074,32432,0.136
RobotBattleLearningBrain,4.541,5596.435,9.060,32526,0.136
RobotBattleLearningBrain,4.539,5610.866,9.193,32524,0.136
RobotBattleLearningBrain,8.577,5629.391,9.237,32454,0.135
RobotBattleLearningBrain,7.804,5653.570,15.079,32562,0.136
RobotBattleLearningBrain,5.699,5670.292,10.245,32396,0.135
RobotBattleLearningBrain,4.734,5687.249,11.349,32524,0.135
RobotBattleLearningBrain,6.538,5706.841,12.059,32524,0.135
RobotBattleLearningBrain,4.871,5722.716,10.235,32524,0.135
RobotBattleLearningBrain,5.352,5738.657,9.822,32454,0.135
RobotBattleLearningBrain,5.196,5762.635,17.466,32526,0.135
RobotBattleLearningBrain,4.911,5778.252,9.940,32522,0.135
RobotBattleLearningBrain,4.845,5793.825,9.958,32396,0.135
RobotBattleLearningBrain,4.805,5809.086,9.702,32526,0.135
RobotBattleLearningBrain,4.901,5824.785,10.014,32522,0.135
RobotBattleLearningBrain,4.506,5839.685,9.650,32394,0.135
RobotBattleLearningBrain,4.542,5854.140,9.211,32526,0.135
RobotBattleLearningBrain,4.857,5869.854,10.053,32522,0.135
RobotBattleLearningBrain,4.875,5885.328,9.819,32524,0.135
RobotBattleLearningBrain,4.897,5900.738,9.745,32452,0.135
RobotBattleLearningBrain,5.044,5916.376,9.821,32524,0.135
RobotBattleLearningBrain,4.878,5932.405,10.383,32520,0.135
RobotBattleLearningBrain,4.857,5947.978,9.935,32394,0.135
RobotBattleLearningBrain,4.973,5963.478,9.760,32526,0.135
RobotBattleLearningBrain,4.890,5979.903,10.762,32520,0.135
RobotBattleLearningBrain,4.808,5995.312,9.830,32392,0.134
RobotBattleLearningBrain,4.864,6010.777,9.828,32524,0.134
RobotBattleLearningBrain,6.730,6031.693,13.172,32522,0.134
RobotBattleLearningBrain,5.359,6050.193,12.112,32524,0.134
RobotBattleLearningBrain,4.719,6066.528,10.724,32454,0.134
RobotBattleLearningBrain,4.557,6081.506,9.681,32524,0.134
RobotBattleLearningBrain,6.823,6101.443,12.247,32428,0.134
RobotBattleLearningBrain,5.152,6117.234,9.898,32520,0.134
RobotBattleLearningBrain,4.706,6132.989,10.296,32490,0.133
RobotBattleLearningBrain,5.704,6150.484,10.933,32522,0.133
RobotBattleLearningBrain,5.707,6169.867,12.638,32396,0.133
RobotBattleLearningBrain,4.692,6186.241,10.826,32526,0.133
RobotBattleLearningBrain,4.527,6201.141,9.655,32522,0.133
RobotBattleLearningBrain,4.781,6218.668,11.882,32492,0.133
RobotBattleLearningBrain,4.542,6233.854,9.663,32452,0.133
RobotBattleLearningBrain,4.605,6248.547,9.401,32466,0.133
RobotBattleLearningBrain,4.508,6263.069,9.328,32524,0.133
RobotBattleLearningBrain,4.612,6277.824,9.437,32490,0.133
RobotBattleLearningBrain,4.480,6292.232,9.233,32560,0.133
RobotBattleLearningBrain,4.518,6306.480,9.051,32486,0.133
RobotBattleLearningBrain,4.517,6320.851,9.159,32392,0.133
RobotBattleLearningBrain,4.508,6335.114,9.073,32526,0.133
RobotBattleLearningBrain,4.508,6349.439,9.129,32524,0.133
RobotBattleLearningBrain,4.486,6363.770,9.160,32520,0.133
RobotBattleLearningBrain,4.474,6378.025,9.091,32452,0.133
RobotBattleLearningBrain,4.507,6392.366,9.143,32524,0.133
RobotBattleLearningBrain,4.540,6406.703,9.110,32524,0.133
RobotBattleLearningBrain,6.639,6425.523,11.279,32430,0.133
RobotBattleLearningBrain,4.721,6445.805,14.290,32526,0.133
RobotBattleLearningBrain,5.100,6462.856,11.053,32452,0.133
RobotBattleLearningBrain,4.439,6480.084,12.073,32430,0.133
RobotBattleLearningBrain,4.483,6494.520,9.253,32548,0.133
RobotBattleLearningBrain,4.552,6508.887,9.138,32468,0.133
RobotBattleLearningBrain,4.499,6523.157,9.092,32562,0.133
RobotBattleLearningBrain,4.564,6537.418,9.016,32454,0.133
RobotBattleLearningBrain,4.521,6551.757,9.127,32526,0.133
RobotBattleLearningBrain,4.915,6566.583,9.226,32520,0.133
RobotBattleLearningBrain,4.532,6581.738,9.938,32394,0.133
RobotBattleLearningBrain,4.471,6596.130,9.237,32526,0.132
RobotBattleLearningBrain,4.862,6610.742,9.065,32522,0.132
RobotBattleLearningBrain,4.371,6625.017,9.216,32394,0.132
RobotBattleLearningBrain,4.441,6639.276,9.139,32584,0.133
RobotBattleLearningBrain,4.468,6653.657,9.230,32510,0.133
RobotBattleLearningBrain,4.485,6667.945,9.125,32440,0.132
RobotBattleLearningBrain,4.566,6682.314,9.118,32524,0.132
RobotBattleLearningBrain,4.487,6696.699,9.197,32396,0.132
RobotBattleLearningBrain,6.469,6712.982,9.138,32524,0.132
RobotBattleLearningBrain,4.546,6727.631,9.403,32524,0.132
RobotBattleLearningBrain,4.456,6741.952,9.182,32492,0.132
RobotBattleLearningBrain,4.522,6756.214,9.065,32524,0.132
RobotBattleLearningBrain,4.546,6770.693,9.241,32394,0.132
RobotBattleLearningBrain,4.467,6785.743,9.885,32526,0.132
RobotBattleLearningBrain,4.441,6800.043,9.172,32524,0.132
RobotBattleLearningBrain,4.450,6814.303,9.134,32526,0.132
RobotBattleLearningBrain,5.371,6829.450,9.097,32488,0.132
RobotBattleLearningBrain,4.527,6843.875,9.212,32394,0.132
RobotBattleLearningBrain,4.563,6858.352,9.220,32526,0.132
RobotBattleLearningBrain,4.438,6872.745,9.242,32524,0.132
RobotBattleLearningBrain,4.446,6886.964,9.086,32526,0.132
RobotBattleLearningBrain,4.514,6901.215,9.050,32452,0.132
RobotBattleLearningBrain,4.518,6915.590,9.156,32526,0.132
RobotBattleLearningBrain,4.550,6929.955,9.134,32524,0.132
RobotBattleLearningBrain,4.458,6944.125,9.037,32396,0.132
RobotBattleLearningBrain,4.472,6958.349,9.074,32526,0.132
RobotBattleLearningBrain,4.497,6972.486,8.965,32524,0.132
RobotBattleLearningBrain,4.473,6986.742,9.101,32396,0.132
RobotBattleLearningBrain,4.473,7001.861,9.882,32524,0.132
RobotBattleLearningBrain,4.424,7016.394,9.409,32524,0.132
RobotBattleLearningBrain,4.551,7030.802,9.164,32524,0.132
RobotBattleLearningBrain,4.487,7045.001,9.031,32484,0.132
RobotBattleLearningBrain,6.329,7061.261,9.232,32390,0.132
RobotBattleLearningBrain,6.509,7082.069,13.225,32616,0.132
RobotBattleLearningBrain,5.464,7099.729,11.301,32394,0.132
RobotBattleLearningBrain,6.265,7121.729,14.469,32558,0.132
RobotBattleLearningBrain,5.083,7137.974,10.331,32454,0.132
RobotBattleLearningBrain,5.145,7154.020,10.108,32524,0.132
RobotBattleLearningBrain,4.983,7170.636,10.857,32522,0.132
RobotBattleLearningBrain,4.992,7186.475,10.072,32394,0.132
RobotBattleLearningBrain,5.017,7202.185,9.927,32524,0.132
RobotBattleLearningBrain,5.036,7217.994,9.991,32524,0.132
RobotBattleLearningBrain,5.019,7233.791,10.010,32394,0.132
RobotBattleLearningBrain,5.092,7249.789,10.125,32526,0.132
RobotBattleLearningBrain,5.057,7265.640,10.015,32520,0.132
RobotBattleLearningBrain,5.066,7281.475,9.998,32526,0.132
RobotBattleLearningBrain,4.966,7297.013,9.805,32454,0.132
RobotBattleLearningBrain,5.020,7312.789,9.973,32524,0.132
RobotBattleLearningBrain,4.995,7329.016,10.429,32524,0.132
RobotBattleLearningBrain,5.020,7345.260,10.448,32430,0.132
RobotBattleLearningBrain,5.150,7361.333,10.124,32488,0.132
RobotBattleLearningBrain,4.941,7376.834,9.792,32520,0.132
RobotBattleLearningBrain,5.095,7392.579,9.882,32394,0.131
RobotBattleLearningBrain,5.072,7408.602,9.995,32572,0.131
RobotBattleLearningBrain,5.067,7424.124,9.912,32500,0.131
RobotBattleLearningBrain,5.116,7439.936,9.999,32484,0.132
RobotBattleLearningBrain,5.086,7455.778,9.991,32524,0.132
RobotBattleLearningBrain,5.108,7471.632,9.978,32396,0.132
RobotBattleLearningBrain,5.008,7487.531,10.115,32512,0.132
RobotBattleLearningBrain,5.043,7503.277,9.936,32544,0.132
RobotBattleLearningBrain,5.025,7519.026,9.950,32526,0.132
RobotBattleLearningBrain,5.017,7534.662,9.853,32454,0.132
RobotBattleLearningBrain,5.032,7550.489,10.010,32526,0.132
RobotBattleLearningBrain,5.084,7566.404,10.049,32522,0.132
RobotBattleLearningBrain,5.041,7582.113,9.900,32394,0.132
RobotBattleLearningBrain,5.149,7597.982,9.955,32558,0.132
RobotBattleLearningBrain,5.053,7613.643,9.832,32454,0.132
RobotBattleLearningBrain,5.059,7630.367,10.895,32526,0.132
RobotBattleLearningBrain,5.126,7646.320,10.060,32524,0.132
RobotBattleLearningBrain,5.112,7662.137,9.946,32394,0.132
RobotBattleLearningBrain,5.066,7677.817,9.858,32524,0.132
RobotBattleLearningBrain,5.109,7693.478,9.787,32454,0.132
RobotBattleLearningBrain,5.047,7709.235,9.948,32562,0.132
RobotBattleLearningBrain,5.094,7724.958,9.864,32520,0.132
RobotBattleLearningBrain,5.085,7740.745,9.932,32396,0.132
RobotBattleLearningBrain,5.034,7756.559,9.999,32526,0.132
RobotBattleLearningBrain,5.125,7772.828,10.361,32524,0.132
RobotBattleLearningBrain,5.017,7788.949,10.298,32396,0.132
RobotBattleLearningBrain,5.107,7804.894,10.054,32520,0.132
RobotBattleLearningBrain,5.045,7820.809,10.078,32522,0.132
RobotBattleLearningBrain,5.187,7836.894,10.100,32524,0.132
RobotBattleLearningBrain,5.052,7852.618,9.898,32488,0.132
RobotBattleLearningBrain,5.211,7868.669,10.062,32490,0.132
RobotBattleLearningBrain,5.091,7884.459,9.928,32428,0.132
RobotBattleLearningBrain,5.017,7900.267,10.017,32554,0.132
RobotBattleLearningBrain,5.002,7916.733,10.684,32458,0.132
RobotBattleLearningBrain,7.054,7934.546,9.988,32524,0.132
RobotBattleLearningBrain,5.042,7950.506,10.141,32394,0.132
RobotBattleLearningBrain,4.984,7966.589,10.326,32526,0.132
RobotBattleLearningBrain,5.071,7982.564,10.115,32524,0.132
RobotBattleLearningBrain,5.131,7998.464,9.988,32454,0.132
RobotBattleLearningBrain,5.068,8014.212,9.905,32560,0.132
RobotBattleLearningBrain,5.017,8030.100,10.098,32490,0.132
RobotBattleLearningBrain,5.009,8045.756,9.881,32430,0.132
RobotBattleLearningBrain,5.092,8061.644,10.016,32488,0.132
RobotBattleLearningBrain,5.022,8077.569,10.113,32558,0.132
RobotBattleLearningBrain,5.871,8093.966,9.755,32484,0.132
RobotBattleLearningBrain,4.997,8110.501,10.686,32486,0.132
RobotBattleLearningBrain,4.959,8126.268,10.019,32524,0.132
RobotBattleLearningBrain,6.184,8145.003,11.582,32392,0.132
RobotBattleLearningBrain,5.261,8162.781,11.607,32554,0.131
RobotBattleLearningBrain,7.404,8182.374,11.245,32484,0.131
RobotBattleLearningBrain,4.444,8196.808,9.299,32394,0.131
RobotBattleLearningBrain,4.474,8211.105,9.140,32524,0.131
RobotBattleLearningBrain,4.422,8225.299,9.092,32520,0.131
RobotBattleLearningBrain,4.462,8239.546,9.108,32526,0.131
RobotBattleLearningBrain,4.496,8253.834,9.106,32454,0.131
RobotBattleLearningBrain,4.457,8268.087,9.121,32526,0.131
RobotBattleLearningBrain,4.737,8282.867,9.351,32524,0.131
RobotBattleLearningBrain,5.216,8299.733,10.953,32428,0.131
RobotBattleLearningBrain,4.910,8316.813,11.292,32490,0.131
RobotBattleLearningBrain,5.651,8335.063,11.664,32522,0.131
RobotBattleLearningBrain,4.491,8350.296,9.978,32388,0.131
RobotBattleLearningBrain,4.489,8364.682,9.200,32616,0.131
RobotBattleLearningBrain,4.422,8378.944,9.148,32428,0.131
RobotBattleLearningBrain,4.521,8393.447,9.286,32522,0.131
RobotBattleLearningBrain,4.447,8407.575,9.009,32452,0.131
RobotBattleLearningBrain,4.475,8421.862,9.132,32432,0.131
RobotBattleLearningBrain,4.536,8436.265,9.177,32618,0.131
RobotBattleLearningBrain,4.472,8450.604,9.177,32394,0.131
RobotBattleLearningBrain,4.499,8465.626,9.847,32524,0.131
RobotBattleLearningBrain,4.516,8479.876,9.057,32490,0.131
RobotBattleLearningBrain,4.501,8494.147,9.095,32526,0.131
RobotBattleLearningBrain,4.501,8508.453,9.125,32522,0.131
RobotBattleLearningBrain,4.449,8522.680,9.100,32396,0.131
RobotBattleLearningBrain,4.497,8536.998,9.139,32526,0.131
RobotBattleLearningBrain,4.464,8551.179,9.040,32522,0.131
RobotBattleLearningBrain,4.503,8565.542,9.171,32392,0.131
RobotBattleLearningBrain,4.458,8579.839,9.148,32526,0.131
RobotBattleLearningBrain,4.496,8594.146,9.131,32524,0.131
RobotBattleLearningBrain,4.535,8608.705,9.148,32524,0.131
RobotBattleLearningBrain,4.602,8623.735,9.751,32488,0.131
RobotBattleLearningBrain,4.492,8637.976,9.077,32394,0.131
RobotBattleLearningBrain,4.467,8652.270,9.143,32524,0.131
RobotBattleLearningBrain,4.464,8666.501,9.095,32520,0.131
RobotBattleLearningBrain,4.508,8680.744,9.063,32522,0.131
RobotBattleLearningBrain,4.524,8695.046,9.096,32452,0.131
RobotBattleLearningBrain,4.425,8709.212,9.068,32526,0.131
RobotBattleLearningBrain,4.447,8723.406,9.072,32516,0.131
RobotBattleLearningBrain,4.505,8737.675,9.091,32396,0.131
RobotBattleLearningBrain,4.464,8752.030,9.190,32524,0.131
RobotBattleLearningBrain,4.489,8766.204,9.012,32520,0.131
RobotBattleLearningBrain,4.414,8783.068,11.744,32396,0.131
RobotBattleLearningBrain,4.452,8797.257,9.063,32526,0.131
RobotBattleLearningBrain,4.431,8811.509,9.135,32490,0.131
RobotBattleLearningBrain,4.487,8825.793,9.117,32558,0.131
RobotBattleLearningBrain,4.498,8840.056,9.085,32452,0.131
RobotBattleLearningBrain,4.594,8854.447,9.124,32428,0.131
RobotBattleLearningBrain,4.522,8868.850,9.200,32614,0.131
RobotBattleLearningBrain,4.394,8882.975,9.056,32394,0.130
RobotBattleLearningBrain,4.458,8897.209,9.096,32524,0.130
RobotBattleLearningBrain,4.472,8911.376,9.021,32524,0.130
RobotBattleLearningBrain,4.402,8925.937,9.452,32392,0.130
RobotBattleLearningBrain,6.018,8943.597,10.966,32524,0.130
RobotBattleLearningBrain,4.986,8962.613,13.030,32524,0.130
RobotBattleLearningBrain,5.722,8979.160,10.040,32526,0.130
RobotBattleLearningBrain,4.469,8994.236,9.856,32454,0.130
RobotBattleLearningBrain,4.731,9008.802,9.152,32524,0.130
RobotBattleLearningBrain,4.984,9027.822,12.961,32520,0.130
RobotBattleLearningBrain,4.502,9042.220,9.205,32430,0.130
RobotBattleLearningBrain,4.428,9056.475,9.142,32488,0.130
RobotBattleLearningBrain,4.492,9070.736,9.072,32518,0.130
RobotBattleLearningBrain,4.436,9084.971,9.124,32394,0.130
RobotBattleLearningBrain,4.487,9099.167,9.037,32522,0.130
RobotBattleLearningBrain,4.590,9113.534,9.100,32522,0.130
RobotBattleLearningBrain,4.467,9127.737,9.061,32524,0.130
RobotBattleLearningBrain,4.516,9142.134,9.183,32450,0.130
RobotBattleLearningBrain,6.072,9157.995,9.112,32526,0.130
RobotBattleLearningBrain,5.391,9178.019,13.486,32524,0.130
RobotBattleLearningBrain,6.326,9195.832,10.697,32428,0.130
RobotBattleLearningBrain,4.465,9210.201,9.211,32490,0.130
RobotBattleLearningBrain,4.508,9224.498,9.102,32524,0.130
RobotBattleLearningBrain,4.527,9238.790,9.084,32394,0.130
RobotBattleLearningBrain,4.444,9253.026,9.108,32526,0.130
RobotBattleLearningBrain,4.447,9267.261,9.100,32486,0.130
RobotBattleLearningBrain,6.603,9289.304,14.264,32560,0.130
RobotBattleLearningBrain,7.769,9315.354,16.800,32450,0.129
RobotBattleLearningBrain,6.552,9336.063,13.140,32428,0.129
RobotBattleLearningBrain,8.672,9357.943,12.229,32616,0.129
RobotBattleLearningBrain,4.888,9376.231,12.409,32488,0.129
RobotBattleLearningBrain,4.925,9395.774,13.637,32490,0.129
RobotBattleLearningBrain,4.912,9411.200,9.749,32432,0.129
RobotBattleLearningBrain,5.255,9427.257,10.050,32438,0.129
RobotBattleLearningBrain,5.725,9443.783,10.052,32514,0.129
RobotBattleLearningBrain,5.201,9463.348,13.262,32520,0.129
RobotBattleLearningBrain,6.825,9484.958,13.716,32488,0.129
RobotBattleLearningBrain,4.526,9501.426,11.099,32486,0.129
RobotBattleLearningBrain,4.859,9518.957,11.913,32428,0.129
RobotBattleLearningBrain,4.789,9534.610,10.099,32614,0.128
RobotBattleLearningBrain,4.831,9550.256,10.036,32392,0.128
RobotBattleLearningBrain,4.830,9565.802,9.960,32524,0.128
RobotBattleLearningBrain,4.780,9581.352,10.011,32524,0.128
RobotBattleLearningBrain,4.840,9596.822,9.896,32394,0.128
RobotBattleLearningBrain,5.014,9612.577,9.984,32524,0.128
RobotBattleLearningBrain,4.842,9628.026,9.864,32488,0.128
RobotBattleLearningBrain,4.890,9643.569,9.912,32522,0.128
RobotBattleLearningBrain,4.896,9659.115,9.901,32490,0.128
RobotBattleLearningBrain,4.990,9675.344,10.481,32524,0.128
RobotBattleLearningBrain,4.908,9690.850,9.857,32522,0.128
RobotBattleLearningBrain,4.848,9706.481,10.027,32396,0.128
RobotBattleLearningBrain,4.892,9721.917,9.803,32526,0.128
RobotBattleLearningBrain,4.855,9737.270,9.753,32524,0.128
RobotBattleLearningBrain,4.855,9752.951,10.073,32396,0.128
RobotBattleLearningBrain,4.819,9768.383,9.872,32524,0.127
RobotBattleLearningBrain,6.178,9787.428,11.938,32524,0.127
RobotBattleLearningBrain,4.922,9803.057,9.948,32524,0.127
RobotBattleLearningBrain,4.936,9818.897,10.131,32488,0.127
RobotBattleLearningBrain,4.892,9834.765,10.020,32490,0.127
RobotBattleLearningBrain,4.900,9850.346,9.925,32430,0.127
RobotBattleLearningBrain,4.855,9865.933,9.984,32524,0.127
RobotBattleLearningBrain,4.873,9881.752,10.183,32494,0.127
RobotBattleLearningBrain,4.542,9896.841,9.822,32524,0.127
RobotBattleLearningBrain,4.774,9912.600,10.232,32396,0.127
RobotBattleLearningBrain,4.843,9928.192,9.991,32620,0.127
RobotBattleLearningBrain,4.920,9943.810,9.954,32396,0.127
RobotBattleLearningBrain,4.837,9959.255,9.859,32526,0.127
RobotBattleLearningBrain,4.919,9974.662,9.733,32524,0.127
RobotBattleLearningBrain,4.814,9989.981,9.752,32396,0.127
RobotBattleLearningBrain,4.888,10005.376,9.752,32526,0.127
RobotBattleLearningBrain,4.848,10020.884,9.916,32524,0.127
RobotBattleLearningBrain,5.639,10037.516,10.201,32526,0.127
RobotBattleLearningBrain,7.996,10056.287,9.990,32452,0.127
RobotBattleLearningBrain,5.144,10074.351,11.884,32524,0.127
RobotBattleLearningBrain,4.790,10089.609,9.717,32522,0.127
RobotBattleLearningBrain,5.159,10105.082,9.579,32394,0.127
RobotBattleLearningBrain,4.593,10121.022,10.511,32564,0.127
RobotBattleLearningBrain,4.531,10135.525,9.259,32454,0.127
RobotBattleLearningBrain,4.610,10150.305,9.454,32524,0.127
RobotBattleLearningBrain,4.494,10164.792,9.283,32524,0.127
RobotBattleLearningBrain,4.548,10179.238,9.196,32432,0.127
RobotBattleLearningBrain,4.483,10195.287,10.861,32524,0.127
RobotBattleLearningBrain,4.429,10209.514,9.101,32454,0.127
RobotBattleLearningBrain,4.501,10223.868,9.156,32524,0.127
RobotBattleLearningBrain,4.537,10238.285,9.174,32428,0.127
RobotBattleLearningBrain,4.438,10253.200,9.776,32522,0.127
RobotBattleLearningBrain,4.425,10267.478,9.150,32524,0.127
RobotBattleLearningBrain,4.427,10281.719,9.108,32452,0.127
RobotBattleLearningBrain,4.422,10295.976,9.137,32540,0.127
RobotBattleLearningBrain,4.475,10310.476,9.318,32510,0.127
RobotBattleLearningBrain,4.602,10324.944,9.173,32388,0.127
RobotBattleLearningBrain,4.528,10339.597,9.410,32522,0.127
RobotBattleLearningBrain,4.465,10357.083,12.315,32522,0.126
RobotBattleLearningBrain,4.431,10371.293,9.094,32396,0.126
RobotBattleLearningBrain,4.460,10385.813,9.349,32522,0.126
RobotBattleLearningBrain,4.391,10400.036,9.138,32516,0.126
RobotBattleLearningBrain,4.415,10414.327,9.182,32522,0.126
RobotBattleLearningBrain,4.391,10428.445,9.042,32484,0.126
RobotBattleLearningBrain,4.413,10442.678,9.119,32394,0.126
RobotBattleLearningBrain,4.405,10456.882,9.103,32526,0.126
RobotBattleLearningBrain,4.401,10471.292,9.286,32520,0.126
RobotBattleLearningBrain,4.433,10485.692,9.247,32520,0.126
RobotBattleLearningBrain,4.460,10499.969,9.108,32450,0.126
RobotBattleLearningBrain,4.521,10515.612,10.408,32526,0.126
RobotBattleLearningBrain,4.504,10530.115,9.272,32522,0.126
RobotBattleLearningBrain,4.476,10544.582,9.274,32396,0.126
RobotBattleLearningBrain,4.566,10559.088,9.230,32526,0.126
RobotBattleLearningBrain,4.404,10573.292,9.098,32522,0.126
RobotBattleLearningBrain,4.394,10587.539,9.155,32454,0.126
RobotBattleLearningBrain,4.461,10601.920,9.209,32560,0.126
RobotBattleLearningBrain,4.531,10616.887,9.734,32390,0.126
RobotBattleLearningBrain,4.528,10631.348,9.221,32526,0.126
RobotBattleLearningBrain,4.635,10645.806,9.112,32524,0.126
RobotBattleLearningBrain,4.428,10660.218,9.263,32392,0.126
RobotBattleLearningBrain,6.288,10680.720,13.241,32520,0.126
RobotBattleLearningBrain,4.549,10695.602,9.592,32520,0.126
RobotBattleLearningBrain,4.508,10710.053,9.224,32522,0.126
RobotBattleLearningBrain,4.497,10724.447,9.191,32450,0.126
RobotBattleLearningBrain,4.480,10738.783,9.159,32430,0.126
RobotBattleLearningBrain,4.507,10753.149,9.164,32620,0.126
RobotBattleLearningBrain,4.447,10767.408,9.134,32426,0.126
RobotBattleLearningBrain,4.542,10781.826,9.175,32520,0.126
RobotBattleLearningBrain,4.470,10796.031,9.047,32484,0.126
RobotBattleLearningBrain,4.481,10810.314,9.108,32390,0.125
RobotBattleLearningBrain,4.508,10824.640,9.125,32520,0.125
RobotBattleLearningBrain,4.512,10839.088,9.227,32518,0.125
RobotBattleLearningBrain,4.480,10853.430,9.155,32526,0.125
RobotBattleLearningBrain,6.733,10870.050,9.183,32486,0.125
RobotBattleLearningBrain,4.451,10885.458,10.166,32396,0.125
RobotBattleLearningBrain,4.539,10900.885,10.097,32522,0.125
RobotBattleLearningBrain,4.436,10915.111,9.095,32522,0.125
RobotBattleLearningBrain,6.302,10932.102,9.952,32520,0.125
RobotBattleLearningBrain,4.501,10949.280,11.767,32452,0.125
RobotBattleLearningBrain,4.736,10964.863,10.042,32526,0.125
RobotBattleLearningBrain,5.089,10980.990,10.213,32520,0.125
RobotBattleLearningBrain,5.128,10996.464,9.386,32396,0.125
RobotBattleLearningBrain,5.476,11012.975,10.286,32556,0.125
RobotBattleLearningBrain,4.476,11028.109,9.920,32486,0.125
RobotBattleLearningBrain,4.530,11042.610,9.265,32412,0.125
RobotBattleLearningBrain,5.594,11058.347,9.418,32568,0.125
RobotBattleLearningBrain,4.746,11077.890,13.736,32432,0.125
RobotBattleLearningBrain,4.553,11092.616,9.432,32558,0.125
RobotBattleLearningBrain,4.655,11107.490,9.484,32450,0.125
RobotBattleLearningBrain,4.971,11122.471,9.293,32432,0.125
RobotBattleLearningBrain,4.849,11138.050,9.961,32526,0.125
RobotBattleLearningBrain,4.963,11153.227,9.479,32524,0.125
RobotBattleLearningBrain,5.108,11169.104,9.991,32522,0.125
RobotBattleLearningBrain,5.369,11187.785,12.508,32452,0.125
RobotBattleLearningBrain,4.643,11203.058,9.878,32524,0.125
RobotBattleLearningBrain,5.165,11218.236,9.293,32430,0.125
RobotBattleLearningBrain,4.596,11233.122,9.565,32486,0.125
RobotBattleLearningBrain,4.674,11247.879,9.363,32524,0.125
RobotBattleLearningBrain,4.496,11262.331,9.243,32522,0.125
RobotBattleLearningBrain,4.485,11276.681,9.177,32396,0.125
RobotBattleLearningBrain,4.577,11291.632,9.657,32618,0.125
RobotBattleLearningBrain,4.906,11306.697,9.425,32396,0.125
RobotBattleLearningBrain,4.552,11321.510,9.534,32556,0.125
RobotBattleLearningBrain,4.752,11336.310,9.319,32488,0.125
RobotBattleLearningBrain,4.584,11351.027,9.406,32418,0.125
RobotBattleLearningBrain,4.514,11365.481,9.232,32538,0.125
RobotBattleLearningBrain,4.564,11380.059,9.306,32542,0.125
RobotBattleLearningBrain,4.636,11394.660,9.254,32466,0.125
RobotBattleLearningBrain,4.712,11409.419,9.321,32452,0.125
RobotBattleLearningBrain,4.612,11423.982,9.241,32526,0.125
RobotBattleLearningBrain,4.520,11438.424,9.218,32478,0.125
RobotBattleLearningBrain,4.693,11453.299,9.456,32466,0.125
RobotBattleLearningBrain,4.684,11469.247,10.476,32494,0.125
RobotBattleLearningBrain,4.583,11483.943,9.395,32524,0.125
RobotBattleLearningBrain,4.614,11499.390,10.108,32484,0.125
RobotBattleLearningBrain,4.658,11514.240,9.469,32428,0.125
RobotBattleLearningBrain,4.633,11529.211,9.601,32520,0.125
RobotBattleLearningBrain,4.507,11544.382,9.906,32490,0.125
RobotBattleLearningBrain,4.547,11559.038,9.381,32522,0.125
RobotBattleLearningBrain,4.500,11573.504,9.257,32452,0.125
RobotBattleLearningBrain,4.828,11588.391,9.336,32562,0.125
RobotBattleLearningBrain,4.471,11602.980,9.391,32390,0.125
RobotBattleLearningBrain,4.558,11617.525,9.276,32550,0.125
RobotBattleLearningBrain,4.719,11632.372,9.403,32496,0.125
RobotBattleLearningBrain,4.568,11647.076,9.412,32396,0.125
RobotBattleLearningBrain,4.512,11662.677,10.376,32524,0.125
RobotBattleLearningBrain,4.511,11677.173,9.267,32522,0.125
RobotBattleLearningBrain,4.579,11691.740,9.266,32526,0.125
RobotBattleLearningBrain,4.545,11706.223,9.228,32490,0.125
RobotBattleLearningBrain,4.546,11720.699,9.227,32394,0.125
RobotBattleLearningBrain,4.532,11735.210,9.271,32524,0.125
RobotBattleLearningBrain,4.566,11749.811,9.316,32520,0.125
RobotBattleLearningBrain,6.822,11767.676,10.281,32524,0.125
RobotBattleLearningBrain,4.443,11782.130,9.304,32486,0.125
RobotBattleLearningBrain,4.536,11796.708,9.321,32390,0.125
RobotBattleLearningBrain,6.425,11816.283,12.343,32524,0.125
RobotBattleLearningBrain,5.523,11837.175,14.273,32488,0.125
RobotBattleLearningBrain,6.416,11855.522,11.079,32558,0.125
RobotBattleLearningBrain,5.565,11873.613,11.631,32486,0.125
RobotBattleLearningBrain,5.973,11891.422,10.972,32394,0.126
RobotBattleLearningBrain,5.674,11910.617,12.543,32524,0.126
RobotBattleLearningBrain,5.109,11928.767,12.100,32486,0.125
RobotBattleLearningBrain,5.059,11944.699,10.091,32560,0.125
RobotBattleLearningBrain,5.209,11962.217,11.419,32512,0.126
RobotBattleLearningBrain,6.128,11981.458,12.169,32470,0.126
RobotBattleLearningBrain,4.752,11997.244,10.291,32496,0.126
RobotBattleLearningBrain,4.700,12014.333,11.487,32516,0.126
RobotBattleLearningBrain,4.553,12029.145,9.525,32418,0.126
RobotBattleLearningBrain,4.561,12044.411,9.939,32542,0.126
RobotBattleLearningBrain,4.479,12058.874,9.266,32396,0.126
RobotBattleLearningBrain,4.463,12073.232,9.198,32530,0.126
RobotBattleLearningBrain,4.644,12092.438,13.428,32486,0.126
RobotBattleLearningBrain,5.194,12108.980,10.516,32572,0.126
RobotBattleLearningBrain,5.899,12127.139,11.368,32442,0.126
RobotBattleLearningBrain,5.311,12144.585,11.251,32524,0.126
RobotBattleLearningBrain,5.046,12163.157,12.522,32432,0.126
RobotBattleLearningBrain,5.051,12180.484,11.438,32522,0.126
RobotBattleLearningBrain,5.004,12198.306,11.851,32492,0.126
RobotBattleLearningBrain,5.245,12215.186,10.592,32524,0.126
RobotBattleLearningBrain,6.505,12233.326,10.757,32452,0.126
RobotBattleLearningBrain,4.471,12249.017,10.412,32468,0.127
RobotBattleLearningBrain,4.427,12264.839,10.580,32490,0.127
RobotBattleLearningBrain,4.426,12279.156,9.192,32526,0.127
RobotBattleLearningBrain,4.409,12293.425,9.161,32492,0.127
RobotBattleLearningBrain,4.436,12307.688,9.139,32490,0.127
RobotBattleLearningBrain,4.464,12321.961,9.117,32562,0.127
RobotBattleLearningBrain,4.477,12336.371,9.225,32450,0.127
RobotBattleLearningBrain,4.474,12350.774,9.218,32476,0.127
RobotBattleLearningBrain,4.495,12365.149,9.171,32522,0.127
RobotBattleLearningBrain,4.607,12379.616,9.158,32394,0.127
RobotBattleLearningBrain,4.444,12394.116,9.332,32524,0.127
RobotBattleLearningBrain,4.577,12408.704,9.291,32522,0.127
RobotBattleLearningBrain,4.555,12423.124,9.165,32492,0.127
RobotBattleLearningBrain,4.486,12437.543,9.204,32524,0.127
RobotBattleLearningBrain,4.493,12452.010,9.257,32392,0.127
RobotBattleLearningBrain,4.460,12466.357,9.193,32524,0.127
RobotBattleLearningBrain,4.453,12480.685,9.179,32522,0.127
RobotBattleLearningBrain,4.499,12495.107,9.222,32524,0.127
RobotBattleLearningBrain,4.473,12510.107,9.811,32454,0.127
RobotBattleLearningBrain,4.556,12524.528,9.166,32554,0.127
RobotBattleLearningBrain,4.417,12538.852,9.198,32400,0.127
RobotBattleLearningBrain,4.440,12553.310,9.297,32524,0.127
RobotBattleLearningBrain,4.494,12567.751,9.231,32524,0.127
RobotBattleLearningBrain,4.616,12582.241,9.151,32488,0.127
RobotBattleLearningBrain,4.518,12596.682,9.211,32492,0.128
RobotBattleLearningBrain,4.479,12611.007,9.149,32430,0.128
RobotBattleLearningBrain,4.549,12625.521,9.238,32490,0.128
RobotBattleLearningBrain,4.535,12640.049,9.263,32520,0.128
RobotBattleLearningBrain,4.735,12655.566,10.080,32524,0.128
RobotBattleLearningBrain,4.485,12670.027,9.290,32394,0.128
RobotBattleLearningBrain,4.425,12684.244,9.102,32526,0.128
RobotBattleLearningBrain,4.540,12698.749,9.250,32522,0.128
RobotBattleLearningBrain,4.463,12712.989,9.084,32526,0.128
RobotBattleLearningBrain,4.505,12727.286,9.091,32484,0.128
RobotBattleLearningBrain,4.752,12743.080,10.263,32394,0.128
RobotBattleLearningBrain,4.471,12757.413,9.162,32616,0.128
RobotBattleLearningBrain,4.429,12771.811,9.255,32394,0.128
RobotBattleLearningBrain,4.426,12786.193,9.236,32560,0.128
RobotBattleLearningBrain,4.477,12800.578,9.189,32486,0.128
RobotBattleLearningBrain,4.463,12815.672,9.905,32394,0.128
RobotBattleLearningBrain,4.494,12830.105,9.246,32526,0.128
RobotBattleLearningBrain,4.410,12844.339,9.129,32522,0.128
RobotBattleLearningBrain,4.516,12858.774,9.208,32492,0.128
RobotBattleLearningBrain,4.528,12873.148,9.135,32518,0.128
RobotBattleLearningBrain,4.500,12887.650,9.270,32396,0.128
RobotBattleLearningBrain,4.474,12901.962,9.144,32524,0.128
RobotBattleLearningBrain,4.666,12916.484,9.162,32582,0.128
RobotBattleLearningBrain,4.444,12930.903,9.265,32462,0.128
RobotBattleLearningBrain,4.457,12945.230,9.163,32486,0.128
RobotBattleLearningBrain,4.575,12959.837,9.323,32388,0.128
RobotBattleLearningBrain,4.405,12978.711,13.728,32520,0.128
RobotBattleLearningBrain,4.414,12992.981,9.160,32524,0.128
RobotBattleLearningBrain,4.419,13007.275,9.165,32488,0.128
RobotBattleLearningBrain,4.428,13021.435,9.042,32522,0.128
RobotBattleLearningBrain,4.523,13035.924,9.253,32396,0.128
RobotBattleLearningBrain,4.475,13050.252,9.157,32522,0.128
RobotBattleLearningBrain,4.524,13065.137,9.628,32522,0.128
RobotBattleLearningBrain,4.512,13079.547,9.193,32518,0.128
RobotBattleLearningBrain,4.575,13093.975,9.142,32488,0.128
RobotBattleLearningBrain,4.505,13108.722,9.527,32394,0.128
RobotBattleLearningBrain,4.534,13123.208,9.245,32524,0.128
RobotBattleLearningBrain,4.538,13138.180,9.741,32516,0.128
RobotBattleLearningBrain,4.421,13152.576,9.262,32520,0.128
RobotBattleLearningBrain,4.431,13166.809,9.106,32454,0.128
RobotBattleLearningBrain,4.470,13181.233,9.238,32530,0.128
RobotBattleLearningBrain,4.443,13195.628,9.232,32420,0.128
RobotBattleLearningBrain,4.589,13210.139,9.212,32486,0.128
RobotBattleLearningBrain,4.559,13224.772,9.362,32558,0.128
RobotBattleLearningBrain,4.597,13239.318,9.240,32490,0.128
RobotBattleLearningBrain,4.538,13253.767,9.215,32394,0.128
RobotBattleLearningBrain,4.525,13268.268,9.253,32622,0.128
RobotBattleLearningBrain,4.488,13282.737,9.257,32428,0.128
RobotBattleLearningBrain,4.552,13299.090,11.077,32488,0.128
RobotBattleLearningBrain,4.457,13313.476,9.213,32488,0.128
RobotBattleLearningBrain,4.441,13328.869,10.142,32428,0.128
RobotBattleLearningBrain,4.462,13343.588,9.323,32522,0.128
RobotBattleLearningBrain,4.502,13357.970,9.180,32488,0.128
RobotBattleLearningBrain,4.458,13372.369,9.228,32520,0.128
RobotBattleLearningBrain,4.452,13386.744,9.221,32524,0.128
RobotBattleLearningBrain,4.460,13401.178,9.275,32450,0.128
RobotBattleLearningBrain,4.492,13415.643,9.261,32562,0.128
RobotBattleLearningBrain,4.460,13430.157,9.338,32396,0.128
RobotBattleLearningBrain,4.514,13444.665,9.287,32558,0.128
RobotBattleLearningBrain,4.484,13459.373,9.546,32482,0.128
RobotBattleLearningBrain,4.459,13473.695,9.166,32390,0.128
RobotBattleLearningBrain,4.466,13487.967,9.125,32524,0.128
RobotBattleLearningBrain,4.515,13502.409,9.217,32538,0.128
RobotBattleLearningBrain,4.591,13517.061,9.356,32470,0.128
RobotBattleLearningBrain,4.485,13531.413,9.158,32522,0.128
RobotBattleLearningBrain,4.626,13545.927,9.176,32438,0.128
RobotBattleLearningBrain,4.533,13560.461,9.315,32474,0.128
RobotBattleLearningBrain,4.536,13574.856,9.170,32522,0.128
RobotBattleLearningBrain,4.537,13589.874,9.742,32492,0.128
RobotBattleLearningBrain,4.450,13604.066,9.058,32490,0.128
RobotBattleLearningBrain,4.501,13620.683,11.410,32428,0.128
RobotBattleLearningBrain,4.438,13634.969,9.169,32520,0.128
RobotBattleLearningBrain,4.439,13649.203,9.112,32518,0.128
RobotBattleLearningBrain,4.445,13664.205,9.816,32486,0.128
RobotBattleLearningBrain,4.411,13678.447,9.135,32490,0.128
RobotBattleLearningBrain,4.403,13692.611,9.080,32430,0.128
RobotBattleLearningBrain,4.405,13706.765,9.067,32616,0.128
RobotBattleLearningBrain,4.543,13721.160,9.152,32396,0.128
RobotBattleLearningBrain,4.424,13735.416,9.135,32526,0.128
RobotBattleLearningBrain,4.433,13749.551,9.021,32524,0.128
RobotBattleLearningBrain,4.464,13763.923,9.195,32392,0.128
RobotBattleLearningBrain,4.496,13778.771,9.628,32524,0.128
RobotBattleLearningBrain,4.494,13793.155,9.197,32490,0.128
RobotBattleLearningBrain,4.552,13807.630,9.220,32522,0.128
RobotBattleLearningBrain,4.549,13822.056,9.172,32450,0.128
RobotBattleLearningBrain,4.492,13836.400,9.155,32462,0.128
RobotBattleLearningBrain,4.486,13850.885,9.277,32618,0.128
RobotBattleLearningBrain,4.500,13865.396,9.295,32394,0.128
RobotBattleLearningBrain,4.459,13879.678,9.129,32558,0.128
RobotBattleLearningBrain,4.501,13893.964,9.088,32486,0.128
RobotBattleLearningBrain,4.457,13908.383,9.261,32448,0.128
RobotBattleLearningBrain,4.589,13923.577,9.909,32466,0.128
RobotBattleLearningBrain,4.402,13937.839,9.162,32484,0.128
RobotBattleLearningBrain,4.728,13952.540,9.250,32524,0.128
RobotBattleLearningBrain,4.421,13966.813,9.154,32522,0.128
RobotBattleLearningBrain,4.504,13981.377,9.338,32396,0.128
RobotBattleLearningBrain,4.514,13995.687,9.106,32524,0.128
RobotBattleLearningBrain,4.484,14010.040,9.162,32484,0.128
RobotBattleLearningBrain,4.557,14024.495,9.215,32562,0.128
RobotBattleLearningBrain,4.513,14038.861,9.152,32454,0.128
RobotBattleLearningBrain,4.488,14053.265,9.211,32522,0.128
RobotBattleLearningBrain,4.587,14068.027,9.449,32520,0.128
RobotBattleLearningBrain,4.479,14083.697,10.418,32488,0.128
RobotBattleLearningBrain,4.427,14097.961,9.138,32458,0.128
RobotBattleLearningBrain,4.400,14112.255,9.182,32448,0.128
RobotBattleLearningBrain,4.425,14126.617,9.222,32430,0.128
RobotBattleLearningBrain,4.472,14140.916,9.129,32554,0.128
RobotBattleLearningBrain,4.756,14156.751,10.377,32460,0.128
RobotBattleLearningBrain,4.551,14171.379,9.359,32556,0.128
RobotBattleLearningBrain,4.531,14185.755,9.136,32452,0.128
RobotBattleLearningBrain,4.552,14200.362,9.320,32454,0.128
RobotBattleLearningBrain,4.496,14214.750,9.181,32506,0.128
RobotBattleLearningBrain,4.493,14229.190,9.239,32584,0.128
RobotBattleLearningBrain,4.446,14243.491,9.158,32392,0.128
RobotBattleLearningBrain,4.573,14257.993,9.217,32466,0.128
RobotBattleLearningBrain,4.478,14272.320,9.150,32496,0.128
RobotBattleLearningBrain,4.411,14288.199,10.761,32608,0.128
RobotBattleLearningBrain,4.461,14302.580,9.214,32432,0.128
RobotBattleLearningBrain,4.386,14316.823,9.156,32546,0.128
RobotBattleLearningBrain,4.466,14331.134,9.149,32466,0.128
RobotBattleLearningBrain,4.426,14345.479,9.222,32492,0.128
RobotBattleLearningBrain,4.397,14359.716,9.146,32426,0.128
RobotBattleLearningBrain,4.410,14373.962,9.145,32520,0.128
RobotBattleLearningBrain,4.434,14388.390,9.279,32526,0.128
RobotBattleLearningBrain,4.602,14404.214,10.499,32486,0.128
RobotBattleLearningBrain,4.480,14418.724,9.301,32394,0.128
RobotBattleLearningBrain,4.527,14433.211,9.243,32526,0.128
RobotBattleLearningBrain,4.559,14447.854,9.353,32586,0.128
RobotBattleLearningBrain,4.522,14462.462,9.200,32466,0.129
RobotBattleLearningBrain,4.508,14476.802,9.137,32452,0.129
RobotBattleLearningBrain,4.512,14491.173,9.167,32524,0.129
RobotBattleLearningBrain,4.515,14505.636,9.235,32524,0.129
RobotBattleLearningBrain,4.508,14519.955,9.121,32396,0.129
RobotBattleLearningBrain,4.659,14534.428,9.132,32526,0.129
RobotBattleLearningBrain,4.444,14550.539,10.938,32492,0.129
RobotBattleLearningBrain,4.451,14565.446,9.733,32526,0.129
RobotBattleLearningBrain,4.428,14579.728,9.171,32524,0.129
RobotBattleLearningBrain,4.400,14593.986,9.162,32432,0.129
RobotBattleLearningBrain,4.450,14608.229,9.112,32530,0.129
RobotBattleLearningBrain,4.503,14622.583,9.138,32482,0.129
RobotBattleLearningBrain,4.474,14636.856,9.109,32396,0.129
RobotBattleLearningBrain,4.505,14651.310,9.245,32578,0.129
RobotBattleLearningBrain,4.540,14665.594,9.063,32472,0.129
RobotBattleLearningBrain,4.477,14679.860,9.095,32490,0.129
RobotBattleLearningBrain,4.471,14694.185,9.155,32522,0.129
RobotBattleLearningBrain,4.490,14708.469,9.112,32490,0.129
RobotBattleLearningBrain,4.461,14723.137,9.503,32512,0.129
RobotBattleLearningBrain,4.636,14737.698,9.241,32446,0.129
RobotBattleLearningBrain,4.647,14752.197,9.161,32526,0.129
RobotBattleLearningBrain,4.431,14766.399,9.084,32484,0.129
RobotBattleLearningBrain,4.431,14780.720,9.187,32406,0.129
RobotBattleLearningBrain,4.443,14795.014,9.158,32522,0.130
RobotBattleLearningBrain,4.499,14809.440,9.220,32492,0.130
RobotBattleLearningBrain,4.493,14823.868,9.223,32490,0.130
RobotBattleLearningBrain,4.504,14838.204,9.133,32562,0.130
RobotBattleLearningBrain,4.508,14852.570,9.159,32494,0.130
RobotBattleLearningBrain,4.486,14867.522,9.749,32522,0.130
RobotBattleLearningBrain,4.484,14881.823,9.129,32456,0.130
RobotBattleLearningBrain,4.477,14896.276,9.282,32500,0.130
RobotBattleLearningBrain,4.659,14910.869,9.223,32488,0.130
RobotBattleLearningBrain,4.512,14925.342,9.264,32396,0.130
RobotBattleLearningBrain,4.472,14939.572,9.084,32524,0.130
RobotBattleLearningBrain,4.524,14953.984,9.197,32530,0.130
RobotBattleLearningBrain,4.489,14968.276,9.126,32524,0.131
RobotBattleLearningBrain,4.510,14982.587,9.110,32486,0.131
RobotBattleLearningBrain,4.496,14996.903,9.132,32490,0.131
RobotBattleLearningBrain,4.438,15011.107,9.077,32430,0.131
RobotBattleLearningBrain,4.500,15026.993,10.682,32520,0.131
RobotBattleLearningBrain,4.510,15041.397,9.197,32476,0.131
RobotBattleLearningBrain,4.531,15055.771,9.146,32508,0.131
RobotBattleLearningBrain,4.426,15069.993,9.117,32526,0.131
RobotBattleLearningBrain,4.435,15084.246,9.121,32522,0.131
RobotBattleLearningBrain,4.459,15098.505,9.110,32398,0.131
RobotBattleLearningBrain,4.540,15113.026,9.267,32526,0.131
RobotBattleLearningBrain,4.792,15127.630,9.137,32484,0.131
RobotBattleLearningBrain,4.505,15141.985,9.170,32528,0.131
RobotBattleLearningBrain,4.476,15156.282,9.134,32428,0.131
RobotBattleLearningBrain,4.456,15170.760,9.329,32488,0.131
RobotBattleLearningBrain,4.503,15185.723,9.771,32522,0.131
RobotBattleLearningBrain,4.482,15200.093,9.185,32450,0.131
RobotBattleLearningBrain,4.608,15214.556,9.158,32524,0.131
RobotBattleLearningBrain,4.511,15229.008,9.247,32564,0.132
RobotBattleLearningBrain,4.461,15243.315,9.154,32396,0.132
RobotBattleLearningBrain,4.580,15257.985,9.387,32560,0.132
RobotBattleLearningBrain,4.394,15272.100,9.041,32482,0.132
RobotBattleLearningBrain,4.428,15286.273,9.056,32452,0.132
RobotBattleLearningBrain,4.751,15300.875,9.165,32464,0.132
RobotBattleLearningBrain,4.564,15315.686,9.533,32490,0.132
RobotBattleLearningBrain,4.473,15330.166,9.300,32526,0.132
RobotBattleLearningBrain,4.563,15344.613,9.221,32526,0.132
RobotBattleLearningBrain,4.442,15359.982,10.235,32418,0.132
RobotBattleLearningBrain,4.510,15374.432,9.246,32550,0.132
RobotBattleLearningBrain,4.422,15389.227,9.626,32506,0.132
RobotBattleLearningBrain,4.462,15403.549,9.178,32470,0.132
RobotBattleLearningBrain,4.417,15417.811,9.134,32528,0.133
RobotBattleLearningBrain,4.464,15432.046,9.092,32490,0.133
RobotBattleLearningBrain,4.508,15446.367,9.126,32430,0.133
RobotBattleLearningBrain,4.608,15460.765,9.109,32524,0.133
RobotBattleLearningBrain,4.472,15475.018,9.103,32492,0.133
RobotBattleLearningBrain,4.529,15489.427,9.175,32524,0.133
RobotBattleLearningBrain,4.541,15503.838,9.174,32422,0.133
RobotBattleLearningBrain,4.565,15518.685,9.591,32598,0.133
RobotBattleLearningBrain,4.527,15533.359,9.439,32418,0.133
RobotBattleLearningBrain,4.463,15547.826,9.300,32546,0.134
RobotBattleLearningBrain,4.450,15562.170,9.202,32456,0.134
RobotBattleLearningBrain,4.468,15576.662,9.236,32528,0.134
RobotBattleLearningBrain,4.486,15591.004,9.170,32524,0.134
RobotBattleLearningBrain,4.487,15605.667,9.489,32432,0.134
RobotBattleLearningBrain,4.441,15620.622,9.820,32514,0.134
RobotBattleLearningBrain,4.431,15634.905,9.145,32468,0.134
RobotBattleLearningBrain,4.443,15649.185,9.157,32528,0.134
RobotBattleLearningBrain,4.438,15663.442,9.128,32522,0.134
RobotBattleLearningBrain,4.468,15678.052,9.456,32394,0.134
RobotBattleLearningBrain,4.471,15692.312,9.112,32526,0.135
RobotBattleLearningBrain,4.566,15706.728,9.146,32522,0.135
RobotBattleLearningBrain,4.524,15721.018,9.088,32500,0.135
RobotBattleLearningBrain,4.455,15735.427,9.261,32430,0.135
RobotBattleLearningBrain,4.483,15749.998,9.412,32570,0.135
RobotBattleLearningBrain,4.496,15764.252,9.076,32484,0.135
RobotBattleLearningBrain,4.517,15778.528,9.069,32488,0.135
RobotBattleLearningBrain,4.543,15792.931,9.186,32390,0.135
RobotBattleLearningBrain,4.486,15807.296,9.196,32520,0.135
RobotBattleLearningBrain,4.679,15821.822,9.158,32520,0.135
RobotBattleLearningBrain,4.489,15838.679,11.672,32488,0.135
RobotBattleLearningBrain,4.418,15852.815,9.040,32526,0.135
RobotBattleLearningBrain,4.466,15867.061,9.099,32398,0.135
RobotBattleLearningBrain,4.549,15881.367,9.080,32604,0.135
RobotBattleLearningBrain,4.511,15895.707,9.143,32446,0.135
RobotBattleLearningBrain,4.500,15909.964,9.079,32550,0.136
RobotBattleLearningBrain,4.481,15924.171,9.046,32472,0.136
RobotBattleLearningBrain,4.515,15938.569,9.185,32392,0.136
RobotBattleLearningBrain,4.472,15952.840,9.113,32530,0.136
RobotBattleLearningBrain,4.632,15967.618,9.442,32488,0.136
RobotBattleLearningBrain,4.528,15982.134,9.287,32572,0.136
RobotBattleLearningBrain,4.485,15996.802,9.465,32484,0.136
RobotBattleLearningBrain,4.467,16011.267,9.314,32474,0.136
RobotBattleLearningBrain,4.501,16025.578,9.173,32450,0.136
RobotBattleLearningBrain,4.532,16039.889,9.103,32494,0.137
RobotBattleLearningBrain,4.444,16054.161,9.143,32524,0.137
RobotBattleLearningBrain,4.507,16068.517,9.152,32490,0.137
RobotBattleLearningBrain,4.710,16083.123,9.200,32430,0.137
RobotBattleLearningBrain,4.414,16097.536,9.304,32526,0.137
RobotBattleLearningBrain,4.422,16111.856,9.199,32520,0.137
RobotBattleLearningBrain,4.498,16126.353,9.283,32522,0.137
RobotBattleLearningBrain,4.429,16140.487,9.028,32454,0.137
RobotBattleLearningBrain,4.486,16156.038,10.374,32426,0.137
RobotBattleLearningBrain,4.503,16170.440,9.199,32612,0.137
RobotBattleLearningBrain,4.474,16184.872,9.246,32430,0.137
RobotBattleLearningBrain,4.615,16199.902,9.716,32522,0.137
RobotBattleLearningBrain,4.490,16214.129,9.054,32484,0.137
RobotBattleLearningBrain,4.459,16228.358,9.088,32394,0.137
RobotBattleLearningBrain,4.460,16242.919,9.412,32530,0.137
RobotBattleLearningBrain,4.436,16257.180,9.138,32514,0.137
RobotBattleLearningBrain,4.447,16271.490,9.165,32528,0.137
RobotBattleLearningBrain,4.469,16285.644,9.010,32454,0.137
RobotBattleLearningBrain,4.456,16299.925,9.134,32526,0.137
RobotBattleLearningBrain,4.482,16314.445,9.348,32428,0.137
RobotBattleLearningBrain,4.485,16328.745,9.131,32522,0.137
RobotBattleLearningBrain,4.481,16343.139,9.208,32520,0.137
RobotBattleLearningBrain,4.537,16357.437,9.073,32420,0.137
RobotBattleLearningBrain,4.471,16371.759,9.156,32468,0.138
RobotBattleLearningBrain,4.521,16386.104,9.139,32618,0.138
RobotBattleLearningBrain,4.476,16400.511,9.229,32390,0.138
RobotBattleLearningBrain,4.462,16414.883,9.208,32566,0.138
RobotBattleLearningBrain,4.504,16429.229,9.138,32452,0.138
RobotBattleLearningBrain,4.443,16443.628,9.250,32526,0.138
RobotBattleLearningBrain,4.483,16457.918,9.119,32522,0.138
RobotBattleLearningBrain,4.519,16472.458,9.337,32396,0.138
RobotBattleLearningBrain,4.522,16487.136,9.439,32526,0.138
RobotBattleLearningBrain,4.503,16501.395,9.076,32518,0.138
RobotBattleLearningBrain,4.544,16515.948,9.295,32486,0.138
RobotBattleLearningBrain,5.804,16531.657,9.222,32428,0.138
RobotBattleLearningBrain,4.839,16554.994,17.458,32516,0.138
RobotBattleLearningBrain,4.447,16569.764,9.618,32486,0.138
RobotBattleLearningBrain,4.420,16583.948,9.072,32486,0.138
RobotBattleLearningBrain,4.429,16598.346,9.257,32428,0.138
RobotBattleLearningBrain,4.446,16612.757,9.254,32524,0.138
RobotBattleLearningBrain,4.474,16627.300,9.350,32524,0.138
RobotBattleLearningBrain,4.438,16641.576,9.148,32526,0.138
RobotBattleLearningBrain,4.418,16655.911,9.198,32426,0.138
RobotBattleLearningBrain,4.502,16670.459,9.314,32548,0.138
RobotBattleLearningBrain,4.520,16685.149,9.152,32430,0.138
RobotBattleLearningBrain,4.476,16699.593,9.266,32488,0.138
RobotBattleLearningBrain,4.486,16713.906,9.145,32550,0.138
RobotBattleLearningBrain,4.461,16728.142,9.096,32494,0.138
RobotBattleLearningBrain,4.527,16742.502,9.145,32392,0.138
RobotBattleLearningBrain,4.495,16756.892,9.197,32540,0.138
RobotBattleLearningBrain,4.422,16772.056,9.998,32464,0.138
RobotBattleLearningBrain,4.427,16786.366,9.189,32522,0.138
RobotBattleLearningBrain,4.501,16802.602,11.033,32486,0.138
RobotBattleLearningBrain,4.462,16816.967,9.199,32428,0.138
RobotBattleLearningBrain,4.488,16831.375,9.220,32620,0.138
RobotBattleLearningBrain,4.472,16845.696,9.155,32394,0.138
RobotBattleLearningBrain,4.648,16860.212,9.176,32560,0.138
RobotBattleLearningBrain,4.468,16874.461,9.084,32482,0.138
RobotBattleLearningBrain,4.449,16888.960,9.338,32394,0.138
RobotBattleLearningBrain,4.439,16903.322,9.215,32526,0.138
RobotBattleLearningBrain,4.446,16917.564,9.095,32514,0.138
RobotBattleLearningBrain,4.450,16931.756,9.066,32512,0.138
RobotBattleLearningBrain,4.521,16946.638,9.664,32504,0.138
RobotBattleLearningBrain,4.634,16961.200,9.225,32394,0.138
RobotBattleLearningBrain,4.551,16975.773,9.297,32616,0.138
RobotBattleLearningBrain,4.581,16990.246,9.195,32394,0.138
RobotBattleLearningBrain,4.627,17004.912,9.320,32560,0.138
RobotBattleLearningBrain,4.607,17019.389,9.166,32416,0.138
RobotBattleLearningBrain,4.480,17033.879,9.295,32562,0.138
RobotBattleLearningBrain,4.482,17048.258,9.197,32430,0.138
RobotBattleLearningBrain,4.525,17062.851,9.361,32524,0.138
RobotBattleLearningBrain,4.443,17077.356,9.332,32518,0.138
RobotBattleLearningBrain,4.476,17091.761,9.217,32416,0.138
RobotBattleLearningBrain,4.519,17106.358,9.344,32466,0.138
RobotBattleLearningBrain,4.489,17121.004,9.433,32584,0.138
RobotBattleLearningBrain,4.489,17135.458,9.245,32466,0.138
RobotBattleLearningBrain,4.493,17149.876,9.219,32500,0.138
RobotBattleLearningBrain,4.808,17165.705,10.186,32476,0.138
RobotBattleLearningBrain,4.517,17180.332,9.395,32528,0.139
RobotBattleLearningBrain,4.489,17194.745,9.222,32428,0.139
RobotBattleLearningBrain,4.965,17209.996,9.567,32486,0.139
RobotBattleLearningBrain,7.113,17230.417,12.431,32526,0.139
RobotBattleLearningBrain,6.477,17251.077,13.128,32492,0.139
RobotBattleLearningBrain,5.062,17270.122,12.875,32430,0.139
RobotBattleLearningBrain,5.212,17287.770,11.522,32618,0.139
RobotBattleLearningBrain,6.175,17306.125,11.258,32394,0.139
RobotBattleLearningBrain,4.851,17323.933,11.962,32570,0.139
RobotBattleLearningBrain,4.570,17338.582,9.365,32472,0.139
RobotBattleLearningBrain,4.515,17353.075,9.262,32504,0.139
RobotBattleLearningBrain,4.449,17367.498,9.259,32414,0.139
RobotBattleLearningBrain,4.510,17381.985,9.262,32520,0.139
RobotBattleLearningBrain,4.433,17396.248,9.141,32524,0.139
RobotBattleLearningBrain,4.503,17410.527,9.087,32486,0.139
RobotBattleLearningBrain,4.530,17425.114,9.344,32392,0.139
RobotBattleLearningBrain,5.004,17440.743,9.872,32502,0.139
RobotBattleLearningBrain,4.594,17457.375,11.249,32510,0.139
RobotBattleLearningBrain,4.442,17472.831,10.251,32558,0.139
RobotBattleLearningBrain,4.470,17487.166,9.163,32488,0.139
RobotBattleLearningBrain,4.485,17501.577,9.218,32392,0.139
RobotBattleLearningBrain,4.455,17515.982,9.239,32526,0.139
RobotBattleLearningBrain,4.537,17530.417,9.195,32488,0.139
RobotBattleLearningBrain,4.569,17544.962,9.265,32586,0.139
RobotBattleLearningBrain,4.596,17559.451,9.191,32464,0.139
RobotBattleLearningBrain,4.507,17573.956,9.285,32398,0.139
RobotBattleLearningBrain,4.727,17588.701,9.306,32524,0.139
RobotBattleLearningBrain,4.604,17603.394,9.380,32486,0.139
RobotBattleLearningBrain,4.589,17617.851,9.204,32562,0.139
RobotBattleLearningBrain,4.559,17632.381,9.267,32486,0.139
RobotBattleLearningBrain,4.577,17646.870,9.222,32452,0.139
RobotBattleLearningBrain,4.448,17661.334,9.321,32464,0.140
RobotBattleLearningBrain,5.236,17676.614,9.314,32520,0.139
RobotBattleLearningBrain,4.412,17690.879,9.162,32520,0.139
RobotBattleLearningBrain,4.476,17705.448,9.320,32420,0.139
RobotBattleLearningBrain,4.533,17719.989,9.292,32464,0.140
RobotBattleLearningBrain,4.516,17734.486,9.267,32522,0.140
RobotBattleLearningBrain,4.504,17749.072,9.368,32522,0.140
RobotBattleLearningBrain,4.508,17763.470,9.192,32522,0.140
RobotBattleLearningBrain,4.545,17777.798,9.092,32456,0.140
RobotBattleLearningBrain,4.702,17792.440,9.230,32428,0.140
RobotBattleLearningBrain,4.454,17806.923,9.325,32544,0.140
RobotBattleLearningBrain,4.532,17821.532,9.374,32468,0.140
RobotBattleLearningBrain,4.499,17836.302,9.362,32524,0.140
RobotBattleLearningBrain,4.524,17850.897,9.357,32520,0.140
RobotBattleLearningBrain,4.491,17865.244,9.179,32392,0.140
RobotBattleLearningBrain,4.455,17879.638,9.234,32586,0.140
RobotBattleLearningBrain,4.484,17894.486,9.639,32462,0.140
RobotBattleLearningBrain,4.531,17908.954,9.233,32520,0.140
RobotBattleLearningBrain,4.530,17923.535,9.346,32448,0.140
RobotBattleLearningBrain,4.453,17937.874,9.187,32488,0.140
RobotBattleLearningBrain,4.500,17952.394,9.303,32468,0.140
RobotBattleLearningBrain,4.498,17966.713,9.129,32486,0.140
RobotBattleLearningBrain,4.563,17981.176,9.211,32562,0.140
RobotBattleLearningBrain,4.501,17995.421,9.058,32510,0.140
RobotBattleLearningBrain,4.513,18009.914,9.262,32498,0.140
RobotBattleLearningBrain,4.582,18024.370,9.167,32392,0.140
RobotBattleLearningBrain,4.535,18038.827,9.214,32540,0.140
RobotBattleLearningBrain,4.537,18053.162,9.115,32526,0.140
RobotBattleLearningBrain,4.431,18067.410,9.149,32496,0.140
RobotBattleLearningBrain,4.505,18081.738,9.144,32480,0.140
RobotBattleLearningBrain,4.479,18096.007,9.109,32430,0.140
RobotBattleLearningBrain,4.451,18110.286,9.148,32524,0.140
RobotBattleLearningBrain,4.553,18124.859,9.306,32524,0.140
RobotBattleLearningBrain,4.426,18139.387,9.408,32418,0.140
RobotBattleLearningBrain,4.541,18153.700,9.092,32562,0.140
RobotBattleLearningBrain,4.508,18168.127,9.209,32418,0.140
RobotBattleLearningBrain,4.418,18182.367,9.132,32504,0.141
RobotBattleLearningBrain,4.479,18198.522,10.989,32560,0.141
RobotBattleLearningBrain,4.484,18212.746,9.056,32500,0.141
RobotBattleLearningBrain,4.930,18228.551,10.118,32402,0.141
RobotBattleLearningBrain,4.454,18243.964,10.248,32598,0.141
RobotBattleLearningBrain,4.460,18258.271,9.160,32430,0.141
RobotBattleLearningBrain,4.439,18272.624,9.209,32490,0.141
RobotBattleLearningBrain,4.418,18286.824,9.087,32532,0.141
RobotBattleLearningBrain,4.449,18301.044,9.090,32480,0.141
RobotBattleLearningBrain,4.483,18315.370,9.157,32406,0.141
RobotBattleLearningBrain,4.518,18329.801,9.218,32518,0.141
RobotBattleLearningBrain,4.599,18344.328,9.229,32558,0.141
RobotBattleLearningBrain,4.524,18358.625,9.088,32454,0.141
RobotBattleLearningBrain,4.451,18374.160,10.390,32548,0.141
RobotBattleLearningBrain,4.443,18388.615,9.327,32444,0.141
RobotBattleLearningBrain,4.511,18402.994,9.173,32486,0.141
RobotBattleLearningBrain,4.495,18417.312,9.139,32486,0.141
RobotBattleLearningBrain,4.603,18431.761,9.161,32490,0.141
RobotBattleLearningBrain,4.521,18446.155,9.181,32526,0.141
RobotBattleLearningBrain,4.577,18460.599,9.173,32526,0.141
RobotBattleLearningBrain,4.516,18474.945,9.138,32466,0.142
RobotBattleLearningBrain,4.561,18489.304,9.112,32488,0.142
RobotBattleLearningBrain,4.450,18503.580,9.120,32488,0.142
RobotBattleLearningBrain,4.513,18517.881,9.126,32402,0.142
RobotBattleLearningBrain,4.509,18532.393,9.295,32514,0.142
RobotBattleLearningBrain,4.571,18546.860,9.205,32524,0.142
RobotBattleLearningBrain,4.552,18561.347,9.225,32454,0.142
RobotBattleLearningBrain,4.517,18575.620,9.078,32566,0.142
RobotBattleLearningBrain,4.547,18590.222,9.344,32394,0.142
RobotBattleLearningBrain,4.499,18604.582,9.170,32614,0.142
RobotBattleLearningBrain,4.549,18619.045,9.221,32396,0.142
RobotBattleLearningBrain,4.838,18633.924,9.323,32524,0.142
RobotBattleLearningBrain,4.562,18648.371,9.185,32524,0.142
RobotBattleLearningBrain,4.493,18662.791,9.221,32398,0.142
RobotBattleLearningBrain,4.541,18677.280,9.247,32616,0.142
RobotBattleLearningBrain,4.526,18691.749,9.255,32490,0.142
RobotBattleLearningBrain,4.492,18706.208,9.267,32434,0.142
RobotBattleLearningBrain,4.454,18721.283,9.932,32522,0.142
RobotBattleLearningBrain,4.664,18737.139,10.414,32396,0.142
RobotBattleLearningBrain,4.458,18751.467,9.171,32528,0.142
RobotBattleLearningBrain,4.444,18765.750,9.144,32490,0.142
RobotBattleLearningBrain,4.495,18780.010,9.087,32526,0.142
RobotBattleLearningBrain,4.451,18794.209,9.071,32522,0.142
RobotBattleLearningBrain,4.564,18808.551,9.096,32400,0.143
RobotBattleLearningBrain,4.567,18822.964,9.159,32618,0.143
RobotBattleLearningBrain,4.576,18837.281,9.068,32430,0.143
RobotBattleLearningBrain,4.525,18851.712,9.203,32486,0.143
RobotBattleLearningBrain,4.531,18866.114,9.174,32454,0.143
RobotBattleLearningBrain,5.983,18883.050,10.175,32472,0.143
RobotBattleLearningBrain,4.517,18898.271,9.992,32524,0.143
RobotBattleLearningBrain,4.440,18912.537,9.138,32578,0.143
RobotBattleLearningBrain,4.427,18926.803,9.149,32472,0.143
RobotBattleLearningBrain,4.520,18941.096,9.088,32456,0.143
RobotBattleLearningBrain,4.536,18955.862,9.340,32464,0.143
RobotBattleLearningBrain,4.545,18970.213,9.127,32578,0.143
RobotBattleLearningBrain,4.541,18984.557,9.126,32432,0.143
RobotBattleLearningBrain,4.576,18998.921,9.112,32484,0.143
RobotBattleLearningBrain,4.495,19013.163,9.065,32522,0.143
RobotBattleLearningBrain,4.518,19027.518,9.156,32392,0.143
RobotBattleLearningBrain,4.558,19041.922,9.163,32618,0.143
RobotBattleLearningBrain,4.481,19056.238,9.153,32428,0.143
RobotBattleLearningBrain,4.509,19070.697,9.248,32492,0.143
RobotBattleLearningBrain,4.489,19084.895,9.032,32536,0.143
RobotBattleLearningBrain,4.480,19099.169,9.106,32440,0.143
RobotBattleLearningBrain,4.720,19113.816,9.234,32494,0.143
RobotBattleLearningBrain,4.428,19128.169,9.224,32470,0.143
RobotBattleLearningBrain,4.498,19142.605,9.236,32560,0.143
RobotBattleLearningBrain,5.077,19157.715,9.326,32510,0.143
RobotBattleLearningBrain,4.456,19172.584,9.684,32398,0.143
RobotBattleLearningBrain,4.475,19187.048,9.291,32596,0.144
RobotBattleLearningBrain,4.519,19201.632,9.374,32396,0.144
RobotBattleLearningBrain,4.554,19216.124,9.229,32560,0.144
RobotBattleLearningBrain,4.499,19230.495,9.168,32452,0.144
RobotBattleLearningBrain,4.530,19244.797,9.093,32430,0.144
RobotBattleLearningBrain,4.500,19259.254,9.253,32526,0.144
RobotBattleLearningBrain,4.463,19273.566,9.163,32524,0.144
RobotBattleLearningBrain,4.521,19287.945,9.166,32492,0.144
RobotBattleLearningBrain,4.570,19302.383,9.161,32526,0.144
RobotBattleLearningBrain,4.502,19316.770,9.182,32484,0.144
RobotBattleLearningBrain,4.500,19331.099,9.147,32526,0.144
RobotBattleLearningBrain,4.464,19345.425,9.167,32426,0.144
RobotBattleLearningBrain,4.515,19360.729,10.093,32522,0.144
RobotBattleLearningBrain,4.461,19374.970,9.082,32488,0.144
RobotBattleLearningBrain,4.456,19389.234,9.121,32516,0.144
RobotBattleLearningBrain,4.427,19403.576,9.236,32464,0.144
RobotBattleLearningBrain,4.573,19418.049,9.216,32488,0.144
RobotBattleLearningBrain,4.512,19432.468,9.218,32468,0.144
RobotBattleLearningBrain,4.501,19446.875,9.194,32520,0.144
RobotBattleLearningBrain,4.459,19461.213,9.185,32396,0.144
RobotBattleLearningBrain,4.481,19475.796,9.407,32616,0.144
RobotBattleLearningBrain,4.593,19490.784,9.675,32432,0.144
RobotBattleLearningBrain,4.431,19505.026,9.121,32454,0.144
RobotBattleLearningBrain,4.442,19519.255,9.097,32524,0.144
RobotBattleLearningBrain,4.449,19533.561,9.157,32430,0.144
RobotBattleLearningBrain,4.450,19547.903,9.194,32528,0.144
RobotBattleLearningBrain,4.524,19562.316,9.184,32522,0.144
RobotBattleLearningBrain,4.618,19576.864,9.223,32490,0.145
RobotBattleLearningBrain,4.522,19591.142,9.071,32524,0.145
RobotBattleLearningBrain,4.542,19605.544,9.158,32394,0.145
RobotBattleLearningBrain,4.515,19620.079,9.295,32522,0.145
RobotBattleLearningBrain,4.496,19634.472,9.202,32496,0.145
RobotBattleLearningBrain,4.527,19648.823,9.137,32478,0.145
RobotBattleLearningBrain,4.605,19663.267,9.138,32524,0.145
RobotBattleLearningBrain,4.421,19678.107,9.724,32428,0.145
RobotBattleLearningBrain,4.422,19692.341,9.126,32618,0.145
RobotBattleLearningBrain,4.498,19706.736,9.193,32430,0.145
RobotBattleLearningBrain,4.626,19721.183,9.135,32548,0.145
RobotBattleLearningBrain,4.536,19735.548,9.127,32482,0.145
RobotBattleLearningBrain,4.520,19749.962,9.192,32476,0.145
RobotBattleLearningBrain,4.535,19764.385,9.191,32432,0.145
RobotBattleLearningBrain,4.499,19778.807,9.213,32490,0.145
RobotBattleLearningBrain,4.533,19793.237,9.206,32572,0.145
RobotBattleLearningBrain,4.438,19807.544,9.158,32476,0.145
RobotBattleLearningBrain,4.412,19821.890,9.231,32398,0.145
RobotBattleLearningBrain,4.509,19836.267,9.169,32590,0.145
RobotBattleLearningBrain,4.488,19850.596,9.199,32428,0.145
RobotBattleLearningBrain,4.489,19864.907,9.135,32582,0.145
RobotBattleLearningBrain,4.485,19879.277,9.174,32464,0.145
RobotBattleLearningBrain,4.528,19893.738,9.228,32456,0.145
RobotBattleLearningBrain,4.468,19908.049,9.152,32468,0.146
RobotBattleLearningBrain,4.498,19922.572,9.311,32490,0.146
RobotBattleLearningBrain,4.517,19937.024,9.227,32584,0.146
RobotBattleLearningBrain,4.514,19951.332,9.104,32430,0.146
RobotBattleLearningBrain,4.608,19965.964,9.298,32524,0.146
RobotBattleLearningBrain,4.548,19980.974,9.755,32416,0.146
RobotBattleLearningBrain,4.467,19995.391,9.246,32500,0.146
RobotBattleLearningBrain,4.514,20009.869,9.252,32524,0.146
RobotBattleLearningBrain,4.505,20024.193,9.121,32468,0.146
RobotBattleLearningBrain,4.513,20038.672,9.245,32542,0.146
RobotBattleLearningBrain,4.494,20052.973,9.120,32428,0.146
RobotBattleLearningBrain,4.516,20067.628,9.233,32518,0.146
RobotBattleLearningBrain,4.606,20082.102,9.170,32490,0.146
RobotBattleLearningBrain,4.507,20096.455,9.147,32488,0.146
RobotBattleLearningBrain,4.544,20110.947,9.238,32430,0.146
RobotBattleLearningBrain,4.564,20125.413,9.202,32520,0.146
RobotBattleLearningBrain,4.602,20139.918,9.197,32526,0.146
RobotBattleLearningBrain,4.483,20154.383,9.266,32454,0.146
RobotBattleLearningBrain,4.525,20168.812,9.190,32564,0.146
RobotBattleLearningBrain,4.529,20183.092,9.070,32492,0.146
RobotBattleLearningBrain,4.473,20197.426,9.168,32432,0.146
RobotBattleLearningBrain,4.524,20211.825,9.177,32562,0.146
RobotBattleLearningBrain,4.492,20226.141,9.131,32454,0.146
RobotBattleLearningBrain,4.484,20240.439,9.112,32490,0.146
RobotBattleLearningBrain,4.518,20254.925,9.250,32524,0.146
RobotBattleLearningBrain,4.511,20269.521,9.352,32428,0.146
RobotBattleLearningBrain,4.501,20284.025,9.286,32524,0.147
RobotBattleLearningBrain,4.519,20298.400,9.175,32452,0.147
RobotBattleLearningBrain,4.520,20313.401,9.778,32490,0.147
RobotBattleLearningBrain,4.492,20327.967,9.356,32464,0.147
RobotBattleLearningBrain,4.586,20342.827,9.559,32620,0.147
RobotBattleLearningBrain,4.539,20357.203,9.150,32468,0.147
RobotBattleLearningBrain,4.532,20371.584,9.157,32486,0.147
RobotBattleLearningBrain,4.511,20385.895,9.100,32488,0.147
RobotBattleLearningBrain,4.517,20400.291,9.176,32392,0.147
RobotBattleLearningBrain,4.549,20414.670,9.140,32584,0.147
RobotBattleLearningBrain,4.426,20429.028,9.213,32430,0.147
RobotBattleLearningBrain,4.550,20443.377,9.104,32560,0.147
RobotBattleLearningBrain,4.564,20457.830,9.174,32488,0.147
RobotBattleLearningBrain,4.527,20472.358,9.275,32394,0.147
RobotBattleLearningBrain,4.520,20486.795,9.208,32526,0.147
RobotBattleLearningBrain,4.554,20501.263,9.204,32522,0.147
RobotBattleLearningBrain,4.511,20515.725,9.253,32526,0.147
RobotBattleLearningBrain,4.515,20530.196,9.233,32488,0.147
RobotBattleLearningBrain,4.479,20544.647,9.256,32396,0.147
RobotBattleLearningBrain,4.495,20559.269,9.417,32620,0.147
RobotBattleLearningBrain,4.546,20573.775,9.260,32428,0.147
RobotBattleLearningBrain,4.545,20588.252,9.214,32452,0.147
RobotBattleLearningBrain,4.482,20602.562,9.125,32530,0.147
RobotBattleLearningBrain,4.454,20617.713,9.991,32432,0.147
RobotBattleLearningBrain,4.536,20632.096,9.151,32524,0.147
RobotBattleLearningBrain,4.725,20646.774,9.237,32522,0.148
RobotBattleLearningBrain,4.490,20661.455,9.457,32490,0.148
RobotBattleLearningBrain,4.480,20676.911,10.145,32490,0.148
RobotBattleLearningBrain,4.512,20691.442,9.287,32434,0.148
RobotBattleLearningBrain,4.507,20705.877,9.217,32584,0.148
RobotBattleLearningBrain,4.451,20720.155,9.128,32526,0.148
RobotBattleLearningBrain,4.527,20735.016,9.600,32428,0.148
RobotBattleLearningBrain,4.517,20749.444,9.195,32524,0.148
RobotBattleLearningBrain,4.570,20763.930,9.217,32488,0.148
RobotBattleLearningBrain,4.557,20780.050,10.867,32484,0.148
RobotBattleLearningBrain,4.551,20794.439,9.144,32468,0.148
RobotBattleLearningBrain,4.443,20808.809,9.219,32526,0.148
RobotBattleLearningBrain,4.442,20822.958,9.023,32418,0.148
RobotBattleLearningBrain,4.515,20837.397,9.216,32560,0.148
RobotBattleLearningBrain,4.490,20851.725,9.143,32524,0.148
RobotBattleLearningBrain,4.500,20866.090,9.168,32396,0.148
RobotBattleLearningBrain,4.510,20880.390,9.098,32526,0.148
RobotBattleLearningBrain,4.540,20894.774,9.143,32522,0.148
RobotBattleLearningBrain,4.526,20909.110,9.124,32490,0.148
RobotBattleLearningBrain,4.543,20923.465,9.121,32470,0.148
RobotBattleLearningBrain,4.468,20939.083,10.443,32450,0.148
RobotBattleLearningBrain,4.484,20953.522,9.240,32586,0.148
RobotBattleLearningBrain,4.422,20967.728,9.116,32390,0.149
RobotBattleLearningBrain,4.466,20981.988,9.108,32572,0.149
RobotBattleLearningBrain,4.512,20996.400,9.193,32518,0.149
RobotBattleLearningBrain,4.534,21010.788,9.160,32430,0.149
RobotBattleLearningBrain,4.525,21025.247,9.221,32526,0.149
RobotBattleLearningBrain,4.532,21039.676,9.198,32456,0.149
RobotBattleLearningBrain,4.543,21054.080,9.163,32526,0.149
RobotBattleLearningBrain,4.520,21068.473,9.176,32522,0.149
RobotBattleLearningBrain,4.606,21084.507,10.720,32396,0.149
RobotBattleLearningBrain,4.479,21098.815,9.136,32560,0.149
RobotBattleLearningBrain,4.442,21113.003,9.061,32452,0.149
RobotBattleLearningBrain,4.461,21127.249,9.096,32452,0.149
RobotBattleLearningBrain,4.462,21141.627,9.206,32566,0.149
RobotBattleLearningBrain,4.480,21156.016,9.201,32466,0.149
RobotBattleLearningBrain,4.506,21170.483,9.257,32526,0.149
RobotBattleLearningBrain,4.494,21184.954,9.095,32490,0.149
RobotBattleLearningBrain,4.524,21199.342,9.169,32394,0.149
RobotBattleLearningBrain,4.496,21213.715,9.179,32540,0.149
RobotBattleLearningBrain,4.577,21228.208,9.221,32536,0.149
RobotBattleLearningBrain,4.510,21242.678,9.252,32462,0.149
RobotBattleLearningBrain,4.456,21258.546,10.710,32488,0.150
RobotBattleLearningBrain,4.415,21272.744,9.100,32428,0.150
RobotBattleLearningBrain,4.447,21287.053,9.157,32614,0.150
RobotBattleLearningBrain,4.485,21301.403,9.162,32396,0.150
RobotBattleLearningBrain,4.430,21315.656,9.125,32524,0.150
RobotBattleLearningBrain,4.470,21329.959,9.124,32520,0.150
RobotBattleLearningBrain,4.562,21344.426,9.202,32458,0.150
RobotBattleLearningBrain,4.511,21358.822,9.182,32474,0.150
RobotBattleLearningBrain,4.540,21373.314,9.242,32512,0.150
RobotBattleLearningBrain,4.570,21387.737,9.146,32518,0.150
RobotBattleLearningBrain,4.516,21402.561,9.610,32496,0.150
RobotBattleLearningBrain,4.512,21416.849,9.135,32420,0.150
RobotBattleLearningBrain,4.533,21431.206,9.136,32504,0.150
RobotBattleLearningBrain,4.504,21445.600,9.195,32522,0.150
RobotBattleLearningBrain,4.519,21459.877,9.075,32522,0.150
RobotBattleLearningBrain,4.560,21474.244,9.106,32454,0.150
RobotBattleLearningBrain,4.555,21488.748,9.242,32432,0.150
RobotBattleLearningBrain,4.495,21503.229,9.271,32526,0.150
RobotBattleLearningBrain,4.521,21517.551,9.116,32546,0.150
RobotBattleLearningBrain,4.489,21532.000,9.243,32508,0.150
RobotBattleLearningBrain,4.500,21546.280,9.085,32452,0.150
RobotBattleLearningBrain,4.496,21560.682,9.205,32524,0.150
RobotBattleLearningBrain,4.434,21576.007,10.165,32522,0.150
RobotBattleLearningBrain,4.430,21590.196,9.078,32428,0.150
RobotBattleLearningBrain,4.439,21604.514,9.173,32454,0.150
RobotBattleLearningBrain,4.490,21618.740,9.047,32528,0.151
RobotBattleLearningBrain,4.439,21633.123,9.248,32526,0.151
RobotBattleLearningBrain,4.430,21647.522,9.251,32432,0.151
RobotBattleLearningBrain,4.463,21661.826,9.151,32490,0.151
RobotBattleLearningBrain,4.493,21676.177,9.170,32522,0.151
RobotBattleLearningBrain,4.500,21690.386,9.030,32520,0.151
RobotBattleLearningBrain,4.549,21704.768,9.147,32418,0.151
RobotBattleLearningBrain,4.554,21719.143,9.132,32506,0.151
RobotBattleLearningBrain,4.466,21733.621,9.287,32486,0.151
RobotBattleLearningBrain,4.508,21748.118,9.277,32558,0.151
RobotBattleLearningBrain,4.604,21762.616,9.179,32452,0.151
RobotBattleLearningBrain,4.501,21776.960,9.146,32426,0.151
RobotBattleLearningBrain,4.568,21791.308,9.091,32580,0.151
RobotBattleLearningBrain,4.520,21805.786,9.243,32428,0.151
RobotBattleLearningBrain,4.579,21820.286,9.225,32522,0.151
RobotBattleLearningBrain,4.525,21834.555,9.061,32454,0.151
RobotBattleLearningBrain,4.490,21849.030,9.257,32560,0.151
RobotBattleLearningBrain,4.532,21863.422,9.171,32522,0.151
RobotBattleLearningBrain,4.528,21877.802,9.174,32394,0.151
RobotBattleLearningBrain,4.532,21892.140,9.127,32526,0.151
RobotBattleLearningBrain,4.564,21906.423,9.044,32518,0.151
RobotBattleLearningBrain,4.466,21920.712,9.134,32400,0.151
RobotBattleLearningBrain,4.511,21935.053,9.147,32516,0.151
RobotBattleLearningBrain,4.545,21949.450,9.162,32522,0.151
RobotBattleLearningBrain,4.455,21963.747,9.147,32524,0.151
RobotBattleLearningBrain,4.487,21978.107,9.164,32490,0.151
RobotBattleLearningBrain,4.517,21992.532,9.203,32500,0.151
RobotBattleLearningBrain,4.516,22006.888,9.151,32418,0.151
RobotBattleLearningBrain,4.521,22021.513,9.382,32582,0.151
RobotBattleLearningBrain,4.429,22036.351,9.719,32432,0.151
RobotBattleLearningBrain,4.440,22050.593,9.109,32486,0.151
RobotBattleLearningBrain,4.480,22064.894,9.122,32522,0.151
RobotBattleLearningBrain,4.465,22079.224,9.188,32430,0.151
RobotBattleLearningBrain,4.470,22093.531,9.143,32486,0.151
RobotBattleLearningBrain,4.543,22107.996,9.215,32490,0.151
RobotBattleLearningBrain,4.574,22122.321,9.065,32526,0.151
RobotBattleLearningBrain,4.518,22136.721,9.181,32528,0.152
RobotBattleLearningBrain,4.524,22151.161,9.216,32430,0.152
RobotBattleLearningBrain,4.528,22165.580,9.193,32524,0.152
RobotBattleLearningBrain,4.541,22179.976,9.160,32526,0.152
RobotBattleLearningBrain,4.539,22194.316,9.108,32488,0.152
RobotBattleLearningBrain,4.938,22209.244,9.274,32396,0.152
RobotBattleLearningBrain,4.508,22223.889,9.407,32570,0.152
RobotBattleLearningBrain,4.537,22238.222,9.112,32472,0.152
RobotBattleLearningBrain,4.462,22252.554,9.169,32488,0.152
RobotBattleLearningBrain,4.492,22266.775,9.043,32524,0.152
RobotBattleLearningBrain,4.488,22281.145,9.179,32394,0.152
RobotBattleLearningBrain,4.566,22295.840,9.262,32526,0.152
RobotBattleLearningBrain,4.480,22310.222,9.207,32522,0.152
RobotBattleLearningBrain,4.539,22324.581,9.130,32524,0.152
RobotBattleLearningBrain,4.492,22338.896,9.123,32486,0.152
RobotBattleLearningBrain,4.428,22355.042,10.992,32390,0.152
RobotBattleLearningBrain,4.492,22369.526,9.284,32582,0.152
RobotBattleLearningBrain,4.499,22383.852,9.137,32432,0.152
RobotBattleLearningBrain,4.492,22398.186,9.150,32526,0.152
RobotBattleLearningBrain,4.535,22412.521,9.106,32524,0.152
RobotBattleLearningBrain,4.531,22426.949,9.197,32492,0.152
RobotBattleLearningBrain,4.485,22441.381,9.235,32520,0.152
RobotBattleLearningBrain,4.499,22455.689,9.120,32432,0.152
RobotBattleLearningBrain,4.493,22470.143,9.252,32452,0.152
RobotBattleLearningBrain,4.502,22484.560,9.205,32526,0.152
RobotBattleLearningBrain,4.564,22499.041,9.215,32490,0.152
RobotBattleLearningBrain,4.452,22513.948,9.765,32562,0.152
RobotBattleLearningBrain,4.452,22528.252,9.160,32392,0.152
RobotBattleLearningBrain,4.474,22542.652,9.215,32548,0.153
RobotBattleLearningBrain,4.449,22557.299,9.474,32504,0.153
RobotBattleLearningBrain,4.484,22571.754,9.250,32404,0.153
RobotBattleLearningBrain,4.537,22586.259,9.261,32546,0.153
RobotBattleLearningBrain,4.518,22600.526,9.068,32494,0.153
RobotBattleLearningBrain,4.491,22614.898,9.173,32522,0.153
RobotBattleLearningBrain,4.496,22629.257,9.154,32486,0.153
RobotBattleLearningBrain,4.512,22643.713,9.230,32490,0.153
RobotBattleLearningBrain,4.518,22658.172,9.228,32428,0.153
RobotBattleLearningBrain,4.489,22672.876,9.502,32490,0.153
RobotBattleLearningBrain,4.498,22687.305,9.227,32560,0.153
RobotBattleLearningBrain,4.519,22701.770,9.229,32452,0.153
RobotBattleLearningBrain,4.514,22716.110,9.135,32488,0.153
RobotBattleLearningBrain,4.514,22730.574,9.238,32562,0.153
RobotBattleLearningBrain,4.514,22745.012,9.210,32428,0.153
RobotBattleLearningBrain,4.542,22759.334,9.097,32524,0.153
RobotBattleLearningBrain,4.567,22773.804,9.194,32484,0.153
RobotBattleLearningBrain,4.445,22788.521,9.563,32490,0.153
RobotBattleLearningBrain,4.506,22803.024,9.305,32428,0.153
RobotBattleLearningBrain,4.489,22817.581,9.365,32484,0.153
RobotBattleLearningBrain,4.442,22831.919,9.193,32526,0.153
RobotBattleLearningBrain,4.432,22846.298,9.219,32520,0.153
RobotBattleLearningBrain,4.449,22860.626,9.173,32396,0.153
RobotBattleLearningBrain,4.462,22874.964,9.170,32526,0.153
RobotBattleLearningBrain,4.545,22889.324,9.127,32488,0.153
RobotBattleLearningBrain,4.551,22903.901,9.302,32566,0.154
RobotBattleLearningBrain,4.525,22918.300,9.167,32454,0.154
RobotBattleLearningBrain,4.534,22932.806,9.250,32428,0.154
RobotBattleLearningBrain,4.525,22947.224,9.191,32582,0.154
RobotBattleLearningBrain,4.566,22961.644,9.178,32434,0.154
RobotBattleLearningBrain,4.519,22975.996,9.154,32558,0.154
RobotBattleLearningBrain,4.519,22990.385,9.159,32484,0.154
RobotBattleLearningBrain,4.510,23004.812,9.213,32394,0.154
RobotBattleLearningBrain,4.561,23019.183,9.125,32616,0.154
RobotBattleLearningBrain,4.517,23033.727,9.306,32430,0.154
RobotBattleLearningBrain,4.533,23048.165,9.201,32524,0.154
RobotBattleLearningBrain,4.477,23062.368,9.039,32454,0.154
RobotBattleLearningBrain,4.570,23076.810,9.180,32428,0.154
RobotBattleLearningBrain,4.461,23091.256,9.284,32522,0.154
RobotBattleLearningBrain,4.493,23105.671,9.214,32524,0.154
RobotBattleLearningBrain,4.528,23120.268,9.347,32476,0.154
RobotBattleLearningBrain,4.515,23134.600,9.111,32540,0.154
RobotBattleLearningBrain,4.505,23149.056,9.241,32396,0.154
RobotBattleLearningBrain,4.542,23163.363,9.082,32618,0.154
RobotBattleLearningBrain,4.758,23178.040,9.210,32450,0.154
RobotBattleLearningBrain,4.456,23192.427,9.211,32466,0.154
RobotBattleLearningBrain,4.442,23206.727,9.145,32488,0.154
RobotBattleLearningBrain,4.514,23221.190,9.240,32528,0.154
RobotBattleLearningBrain,4.480,23235.541,9.175,32430,0.154
RobotBattleLearningBrain,4.533,23250.026,9.235,32524,0.154
RobotBattleLearningBrain,4.611,23264.534,9.205,32488,0.154
RobotBattleLearningBrain,4.493,23278.768,9.052,32524,0.154
RobotBattleLearningBrain,4.533,23293.212,9.209,32394,0.154
RobotBattleLearningBrain,4.532,23307.788,9.332,32526,0.154
RobotBattleLearningBrain,4.584,23322.158,9.094,32482,0.154
RobotBattleLearningBrain,4.523,23336.516,9.138,32526,0.154
RobotBattleLearningBrain,4.468,23350.841,9.150,32488,0.154
RobotBattleLearningBrain,4.483,23365.153,9.137,32526,0.154
RobotBattleLearningBrain,4.527,23379.519,9.142,32522,0.154
RobotBattleLearningBrain,4.467,23393.866,9.165,32490,0.154
